"date","V10","V11","V12","V13","V14","V15","V16","V17","V18","V19","V2","V20","V21","V22","V23","V24","V25","V26","V27","V28","V29","V3","V30","V31","V32","V33","V34","V35","V36","V37","V38","V39","V4","V40","V41","V42","V43","V5","V6","V7","V8","V9"
1982-04-01,94,32.7,126.7,178.3,50.4,22.2,43,62.4,178,61.8,303.1,85.4,147.2,1250.2,257.9,17.3,34.9,310.2,58.2,55.8,59.1,41.7,173.1,93.6,26.3,119.9,104.2,42.2,15.6,31.6,34.4,123.7,63.9,36.4,48.7,85.1,916.2,408.7,65.8,91.8,53.6,211.3
1982-05-01,105.7,35.6,141.3,202.8,49.9,23.1,45.3,63.1,181.5,60.8,297.8,84.8,145.6,1300,257.4,18.1,34.6,310.1,62,58.4,59.2,43.1,179.5,95.3,27.1,122.5,110.2,42.1,15.8,31.5,34.4,123.9,64,36.2,48.9,85.1,931.2,404.9,65.8,102.6,55.4,223.8
1982-06-01,95.1,32.5,127.6,176.3,48,22.8,43.7,59.6,174.1,58.7,298,80.7,139.4,1234.2,261.2,18.1,34.6,313.9,53.8,53.7,59.8,40.3,167.3,85.2,24.3,109.6,96.7,38.5,15.2,29.6,33.5,116.8,62.7,35.7,47.1,82.8,887,401,62.3,105,48.4,215.7
1982-07-01,95.3,33.5,128.8,172.6,48.6,23.2,46.5,61.9,180.2,60.3,307.9,82.4,142.7,1265,266.1,18.9,35.2,320.2,57.9,56.9,59.8,40.9,174.5,91.6,25.6,117.2,104.6,38.9,15.2,35.2,33.4,122.7,65.6,34.6,47.5,82.1,921.3,414.4,68.2,106,52.1,226.3
1982-08-01,82.8,29.4,112.3,169.6,51.3,21.4,44.8,60.7,178.1,56.1,299.2,80.7,136.8,1217.6,247.2,19,33.8,300.1,59.2,56.7,62.2,42.1,178.1,85.2,23.5,108.7,92.5,39.5,14.5,34.7,33.2,122,62.6,32.5,49.3,81.8,883.2,403.8,66,96.9,54.2,217.1
1982-09-01,89.4,32.2,121.6,181.4,49.6,21.8,43.9,61.2,176.5,58.1,305.4,82.1,140.2,1244.9,262.4,18.4,35.4,316.2,57.1,58.9,63.6,42,179.6,89.5,24.3,113.8,98.3,41.7,15.1,34.2,34.5,125.5,64.4,33.9,50.7,84.6,917.9,411.8,62.3,97.5,53.6,213.4
1982-10-01,83.3,31.9,115.2,173.9,51.6,21,45.6,62.1,180.3,53.9,318,87.3,141.2,1264.2,285.4,20.9,38,344.3,66.9,59.6,64.1,46.1,190.5,93,25.8,118.7,102.8,46.2,16.3,35.9,36.7,135.2,66,37.7,54.1,91.7,983.3,430.1,66.2,99.3,58,223.5
1982-11-01,99.3,35,134.3,206.6,55.8,23.5,45.3,68.3,192.9,61.2,334.4,87.4,148.7,1372.6,291.9,22.4,38.2,352.5,78.1,63.2,82.5,46.5,223.8,107.9,29,136.9,114.6,43.5,17.5,38,40.7,139.7,65.3,40.3,57.3,97.7,1065.2,446.2,68.9,107.8,67.2,243.9
1982-12-01,142.9,51.7,194.6,346.6,69.9,31.4,55,104,260.3,75.7,389.6,97.2,172.9,1888.3,334.6,29.7,43.9,408.2,87.5,90.3,143,53.8,320.8,148.2,39.8,188,208.5,57.2,21.5,56.5,57.3,192.5,77.9,45.2,64.1,109.3,1427.3,521.3,90.8,155.5,146.3,392.6
1983-01-01,78.5,31.4,109.8,135.3,50.1,20.7,47.4,63.9,182.1,54.2,311.4,93,147.2,1214.5,270.7,22.9,36,329.6,58.8,55.5,64.3,43.8,178.6,81.6,25,106.6,81.5,43.7,15.6,34.1,35.8,129.3,65.1,36.9,57.7,94.6,920.3,420.3,58,95.1,66.6,219.7
1983-02-01,72.9,29.4,102.3,144.2,64.7,22.1,44,64.8,195.5,56.7,327.2,85.1,141.8,1240.6,278.4,20.8,35.4,334.6,59.7,60.2,64.6,39.3,184.5,73.5,23.4,96.9,86.6,44.3,16.3,34,36.4,130.9,62.3,38,50.2,88.2,921.7,428.8,63.7,105.1,59.2,228
1983-03-01,93.3,34.2,127.5,180.5,63.1,24.9,47.7,70,205.7,60.9,350.9,83.7,144.6,1375.7,303.8,23.5,39.1,366.4,71.6,67.6,73.9,43.4,213,100.6,28.2,128.8,108,48.3,16.8,36.7,39.1,140.9,65.7,37,55,92,1049.2,460,66,124.1,67.3,257.5
1983-04-01,111.2,39.4,150.6,199.4,51.1,24.5,52.9,65.3,193.7,63.5,323.4,79.7,143.2,1344.2,301.9,21.7,35.6,359.2,56.2,62.9,61.5,43.7,180.7,105.6,28.6,134.1,115.3,37,16,33.6,33.8,120.5,61.9,35.1,50.2,85.2,994.9,429,58.3,112.3,57.7,228.2
1983-05-01,112.5,41.4,153.9,200.5,54.8,25.4,55,68.9,204.1,64.5,316.6,81.1,145.6,1379.9,281.5,21.4,36.4,339.2,62,67,65.2,42.3,194.2,101.9,28.4,130.3,112.1,40.1,16.1,36.6,35,127.8,63.7,34.1,52.7,86.8,990.4,422.6,67.8,120.5,64.9,253.2
1983-06-01,103.6,37.1,140.7,175.2,52.3,24.6,56.2,65.7,198.8,63,325.4,79.7,142.8,1325.8,290.6,20.8,34.2,345.6,57,66.2,60.2,40.4,183.3,90.3,25.6,115.9,100.1,38.2,16.1,35.9,33.7,123.8,64.9,34.9,46.4,81.3,950,430.6,64.2,115,58.6,237.8
1983-07-01,97.4,34.1,131.5,181.4,57.7,23.9,54.6,66.9,203,61.9,323.1,84.7,146.6,1328.1,297.6,21.3,36.2,355.2,54.9,64,59.9,41.6,178.8,95.1,26.6,121.7,103.4,39,16.2,36.9,34.2,126.4,69.5,35.8,49.8,85.6,971,434.2,60.8,111.7,58.8,231.3
1983-08-01,96.3,34,130.2,179.7,61.5,25,54.6,70.4,211.5,64.7,338.1,85.2,149.9,1366.3,309.6,22.6,37.1,369.3,58.8,72.4,65.2,42.2,196.4,91.3,25.7,117,101.4,47.1,17.2,39.3,37.3,140.9,67.9,37.1,53.3,90.5,1015.5,448.2,64.8,117.2,64.8,246.9
1983-09-01,105.6,37.2,142.9,185,61,24.5,53.8,71.6,210.9,66.3,330.6,84.3,150.6,1370.8,310.2,22.4,37.4,370,57.4,69.7,66.4,42.5,193.6,94.7,26.5,121.3,105.2,46.1,16.9,38.3,37.2,138.5,67.5,36.8,54,90.8,1019.2,440.6,65.1,106.9,68.7,240.7
1983-10-01,97.9,37.3,135.2,194.4,56.9,24.6,55.6,74.9,212,63.7,351.1,80.1,143.8,1412.3,314.5,22.9,37,374.4,59.9,73.5,71.3,45,204.8,102.9,29.1,132,106.4,46.9,18.2,38.4,39.1,142.7,66,39.6,53.1,92.7,1053,462.1,66.3,114.4,84.1,264.8
1983-11-01,110.2,41,151.2,224.9,59.3,27.8,57.7,83.4,228.2,69.4,361.5,82.9,152.3,1541.6,336.8,24,38.4,399.1,64.3,80.3,82.8,45.8,227.4,109.7,30,139.6,123.1,48.9,19.4,40.7,42.6,151.7,67.2,42,53.9,95.8,1136.8,474.5,72.8,136.5,101.2,310.4
1983-12-01,155,59.9,214.8,384.7,70.2,36.8,71.4,122.8,301.2,86,430.9,89.6,175.5,2119.6,378.7,33.5,44.3,456.5,75.7,115.3,147.7,56.8,338.7,164.7,44.6,209.4,219.4,64.8,24.8,56.8,61.3,207.6,78.4,48.3,63.3,111.7,1543.3,566.1,96,189,192.3,477.3
1984-01-01,82.5,35.4,117.9,139,54.1,21.4,55.3,69,199.7,58.5,333.2,97.6,156.1,1299.1,302.5,22.2,35.7,360.4,65.9,69.2,69.4,47.2,204.6,93,28.6,121.6,106.2,45.9,17.5,33.8,38,135.2,69.2,38.6,54.2,92.7,1020.7,449.5,67.7,95.4,73.7,236.8
1984-02-01,83.6,33.6,117.2,159.5,72.3,22.8,52.7,71.8,219.7,60.3,343.3,90.3,150.6,1348.1,309,20.8,36,365.8,68.1,68.1,72.7,44.5,208.9,89.3,27.4,116.7,97.3,48.4,17.7,36,39.4,141.5,68.2,39.7,54.8,94.4,1024.5,455.9,69.7,105.8,69.6,245.2
1984-03-01,108.8,40.1,148.8,187.4,61,24.5,57.3,74.9,217.7,66.5,344.8,94.6,161.1,1433.6,331.5,21.9,37.4,390.8,79.4,72.7,75.6,46.1,227.8,109.7,31,140.7,115.5,49.1,18.8,36.2,40.9,144.9,70.7,41.4,56.4,97.8,1117.4,461.7,71.8,107.5,77.7,256.9
1984-04-01,99.9,39.4,139.2,181.8,53,23.1,50,70.2,196.3,68.7,345.9,88.9,157.6,1352.8,319.1,20.4,36.7,376.2,61,62.6,63.7,44.8,187.3,107.6,30.8,138.4,115,49.5,17.5,34.7,37.9,139.5,67.4,39.9,53,92.9,1049.3,458.2,60.8,90.4,68.5,219.6
1984-05-01,126.8,46.2,173,236,59.3,27.1,55.7,76.6,218.7,77.9,352,92.8,170.7,1519.4,331.3,20.6,38.4,390.3,73.3,84.1,66.6,45.3,224,120.5,34.2,154.7,132.2,54.9,20.4,37.7,41.3,154.5,71,43.7,57.3,101,1156.7,468.3,72.7,110,70,252.7
1984-06-01,99.4,38.6,138,190.4,54.8,24.3,53.2,68.7,201,68.3,348.9,87.3,155.5,1376.9,325.1,20.4,35,380.5,61.8,73.1,51.3,44.8,186.2,103.9,29.5,133.4,116.3,48.7,18.5,35.5,35.8,138.5,67.9,40.7,51.4,92.1,1047,461.6,67.2,102.6,60.5,230.3
1984-07-01,102.9,38.4,141.3,209.7,57.3,25.6,53,70.1,206,70.8,348.6,88.7,159.4,1421.9,317.3,19.3,35.3,371.9,62.1,68.6,55.8,42.5,186.6,103.6,28.7,132.3,125.5,48.4,18.1,36.6,36.4,139.5,67.4,40.5,52,92.5,1048.3,458.5,75.8,111,60.2,247
1984-08-01,105.5,40.2,145.7,193.6,58.7,25.5,54.6,74.6,213.4,73.2,374.6,90.3,163.6,1462.9,333.7,20.4,36,390.1,66.3,74.4,59.4,46.3,200.1,98.9,28.4,127.3,117.6,51.1,19.3,38.8,38.5,147.8,70.7,43,51.4,94.4,1077.2,491.6,79.7,105.2,70,255
1984-09-01,102.3,39.9,142.2,202.2,53.9,23.3,51.4,70.6,199.2,68,345.7,89.2,157.2,1397.5,317.7,20.5,34.6,372.7,61.7,61.8,55.3,46.2,178.8,90.8,26.8,117.6,118.1,50.3,17.3,35.9,36.1,139.7,68.1,39.9,50.5,90.4,1017.4,460,73.3,93.9,69.5,236.7
1984-10-01,119.2,45,164.2,214.6,64.2,26.1,55,80.5,225.8,76.7,373.5,96.7,173.4,1536,342.4,21.4,35.7,399.5,74.2,67.5,67.6,47.4,209.3,104.6,30.9,135.6,132.6,55.6,18.9,38.8,40.7,154,73.5,43.1,52.5,95.7,1126.6,494.4,78.7,103.3,81.5,263.6
1984-11-01,130.8,47,177.8,242.7,68.4,27.8,56.3,87.2,239.8,78.1,378.7,97.8,175.9,1640.7,361.6,23.5,37.8,423,78.7,77.1,79.6,50.8,235.5,117.2,33.1,150.3,141.8,60.7,20.3,42.1,44.9,168,75.2,45.1,55.5,100.6,1219.2,504.7,86,117.2,96.5,299.7
1984-12-01,169.2,62.5,231.6,415.5,79.9,35.4,69.5,121.3,306,88.9,432.6,104.6,193.5,2174.7,398.5,29.6,41.5,469.6,85.5,99.3,112.7,65.3,297.6,159.7,42.7,202.5,240.1,73.8,25.1,53.9,57.2,210.1,81.9,53.9,58.6,112.4,1532.3,579.8,98.4,170.4,179.4,448.2
1985-01-01,101.7,37.8,139.5,204.9,63.2,23.4,59,73.3,218.9,65.9,376.4,99.8,165.7,1471.3,342.3,23.8,38.1,404.1,64.7,65.3,64.2,52.2,194.2,98.7,29.4,128.1,116.6,53.2,18.8,36.3,39.9,148.3,74.7,43.7,52.5,96.3,1087.6,503.3,68.9,100.7,69.4,239
1985-02-01,92.9,34.2,127.1,179.6,66.4,21.8,53.6,71.1,213,62.5,352,87,149.5,1366.3,333.9,21.6,37.5,393,62.3,65.4,61.4,45.8,189.1,93.7,27.2,120.8,106.1,60.3,18.6,33.4,40.4,152.7,68.7,43.3,50.6,93.9,1055.7,466.5,68.9,92,69.8,230.7
1985-03-01,103.4,37.4,140.8,212.5,65,24.5,57.6,75.7,222.8,68.8,371.8,93.6,162.4,1488.3,354.9,23.2,38.8,416.9,67.1,73.7,63.9,49.4,204.7,110.3,30.1,140.4,119.8,52.7,20.6,36.5,41,150.8,72.9,46.7,51.3,98,1130.5,494,75.2,106.6,74.1,255.8
1985-04-01,119.4,41.3,160.7,234.3,62.8,25.3,51.1,76,215.2,73.2,366.6,94.3,167.4,1521.9,347.2,22.3,40.3,409.8,66.3,67.3,68,47.3,201.6,113,31,144,135,47.3,18.8,36.8,39.6,142.4,73.1,42.5,55.9,98.4,1131.4,487,81.8,103.6,71.9,257.3
1985-05-01,147.1,49.8,196.9,282.3,66,29.7,57.9,86.1,239.8,85.4,391,96.3,181.7,1716.5,367.1,22.4,41.9,431.5,78.5,86,70.5,48.2,235,136.6,35.6,172.2,159.5,51.9,21.5,43.2,42.6,159.2,78.3,45.7,56,101.8,1259.2,517.4,92.5,122.3,83.6,298.4
1985-06-01,117,40.9,157.9,217.6,57.5,26.2,57.2,75.2,216.1,75.7,369.4,92.2,167.9,1507.1,337.7,20.8,38.4,396.9,68,72.7,59.3,45.2,200,116.1,29.6,145.7,129.7,43.9,18.8,39.3,36.9,139,73.2,41.1,49.7,90.8,1102.2,487.9,83.3,107.8,68.8,259.8
1985-07-01,125.4,43.2,168.6,247.5,64.6,30.4,59.9,83.4,238.2,88.2,423.8,96.7,184.9,1679.4,344.2,20.7,41.7,406.6,77.5,74.8,60.5,47.3,212.8,116.4,31.1,147.5,135,50.7,20.6,40,40.2,151.5,78.8,46.2,52.1,98.3,1151.6,549.9,94,124.5,71.8,290.3
1985-08-01,119.7,42.7,162.3,226.4,67.5,29,60.7,85.3,242.4,85.4,401.9,100.2,185.6,1637.4,363.5,21.8,44.3,429.5,79.3,81.9,61.8,50.3,223,115.8,30.9,146.7,138.7,52,22.4,41.3,42.4,158.1,80.7,50.6,56.4,107,1203,532.9,91.5,116.8,79.4,287.7
1985-09-01,115.4,42.7,158.1,216.9,62.4,27.7,57.7,81.3,229.1,82.6,388.6,100.2,182.8,1577.6,343.6,21.9,42.7,408.2,78.1,76.3,57,48.5,211.4,109.8,29.6,139.4,127.5,52.1,20.9,36.7,40.1,149.9,77.5,47.2,56,103.2,1139.5,514.6,90.3,109.8,76,276.1
1985-10-01,142.3,52.5,194.9,255.1,66.2,30.7,59.5,93.9,250.3,93.5,420,106.6,200.1,1764.1,382.8,23.4,46.8,452.9,98,81.1,80.4,52.2,259.5,127.9,34.7,162.6,145,50.6,22.9,41.9,46.4,161.9,86,52.1,59.6,111.8,1293.8,558.1,91.3,117.3,97,305.6
1985-11-01,155.7,57.6,213.3,279.5,70,32.8,62,104.7,269.5,95,422.5,112.9,208,1900,385.9,24.9,47.6,458.4,100.8,85.6,88.5,55,274.9,133.2,35.7,168.9,158.8,54,23.5,44.3,49.1,170.9,87.4,52.9,59.4,112.3,1344.1,565,102.9,135.1,126.8,364.8
1985-12-01,202.9,74.8,277.7,480.5,85,41.3,73.2,143.8,343.2,107.8,481.3,121.5,229.4,2509.5,417,32.4,50.9,500.2,109.4,117.6,138.8,70.3,365.8,184,48.8,232.8,276,71.1,30.1,61.4,66.3,228.8,98.2,64,62.8,126.8,1730.4,649.8,116,191.8,221.2,529
1986-01-01,118.5,47.9,166.4,238,65.4,28.4,58,88.5,240.3,85.1,420.7,111.2,196.3,1684.3,373.7,25.8,46.4,445.9,84.1,80,76.4,54.8,240.5,98.3,30.2,128.4,126.3,58.4,21.9,42.2,46.1,168.7,85.4,49.7,64.1,113.8,1223.7,561,78,114,90.3,282.2
1986-02-01,100.1,40.1,140.2,177.7,70.2,26.3,53.9,85.2,235.6,80.1,392.9,97.8,177.9,1516.2,359.2,24.7,44.1,428,78.4,72.1,76.1,49,226.6,92.7,28.3,121,112.4,61.1,20.4,42.7,45.4,169.5,76.5,47.2,57.2,104.4,1161.9,518.5,73.3,103.2,89.8,266.4
1986-03-01,105.9,41.5,147.4,214.7,64.2,27.1,54.9,86.2,232.4,82,419.4,105.3,187.3,1611.5,389.4,26.9,45.7,462,76.4,72.9,75.6,53.7,224.9,99.2,28.5,127.7,128.2,52.8,20.9,43,44.4,161.2,83.7,48.5,61.2,109.7,1213.7,556.7,76.6,106.8,89.6,273
1986-04-01,123.8,48.3,172.1,227.8,65.5,29.8,58.8,92.4,246.5,96.8,415,109.2,206,1681,384.7,23.5,45.7,453.9,87.1,91.5,74.8,51.4,253.4,132.7,36.3,169,141.5,53.1,23.8,47.2,46,170.1,84.9,51.9,58.3,110.2,1298.2,551.3,82.5,102.9,91.9,277.2
1986-05-01,158.2,56.7,214.8,302.7,68.3,34.4,62.3,100.9,266,110.2,440,112.8,223,1898.1,414.1,24.2,47.3,485.6,102.5,109.9,79.4,50.7,291.8,145.7,39.9,185.6,170,56,26.8,46.3,49.4,178.5,91.9,56.6,61.5,118,1429.5,582.7,91.6,121.2,96,308.8
1986-06-01,129.3,48.1,177.4,218.1,60.3,29.9,59,90.1,239.3,94.2,418.8,106.1,200.3,1664.2,384.5,22.4,44.2,451.1,89,91.8,71.9,47.4,252.7,115.8,31.9,147.7,123.1,48,23.2,43.1,43.7,158,86.7,50.3,57.9,108.2,1240.8,552.9,77.7,109.2,89.3,276.2
1986-07-01,129.1,50.3,179.3,265.1,69.6,35.2,63.4,96.1,264.3,109.5,451.9,106.3,215.8,1814.5,394.8,22.5,47.7,464.9,96.8,95.7,77.7,48.3,270.1,126.3,37.4,163.6,154.9,49.1,25.8,44.7,47.7,167.2,90.5,57.5,65.9,123.5,1344.3,590.7,86.1,133.7,79.4,299.2
1986-08-01,120.3,48.2,168.6,225.9,69.2,33.6,63.2,97.2,263.3,105.1,446.2,110.9,216,1766.5,387,23.9,48.9,459.8,98.5,102,81.9,52.6,282.4,118.8,35.4,154.2,134.3,47.9,26.8,46,49.1,169.8,91.3,59.7,72,131.7,1332.2,590.2,86,127.5,89.1,302.6
1986-09-01,126.9,50.6,177.5,256.6,70.2,33.5,62,96.8,262.5,105.6,444.3,108.3,213.9,1790.7,388.3,23.6,48.1,460,94.6,86,80.2,51.8,260.8,115.9,35.7,151.6,148.6,48.5,26,43.8,48.7,167,89.6,61.2,71.7,132.9,1320.8,585.8,82.9,123.5,88.1,294.5
1986-10-01,141.9,57.1,199,261.9,72.3,34,64,107.7,278,110.4,458.6,114.2,224.6,1901.8,428.3,24.7,51.9,504.9,104.4,93,97.9,57.4,295.4,128,38.9,166.9,147.8,54.9,28,52.9,55.2,191.1,93,65.7,77.1,142.8,1448.8,609,94.6,117.9,116.8,329.3
1986-11-01,141.4,56,197.4,285.4,73.3,34.4,61.5,110.9,280.2,110,454.7,118.4,228.4,1943.2,413.7,26.9,51.2,491.7,101.2,90.5,106.1,56.8,297.8,129.3,38.6,167.9,151.1,55.5,26.9,50.7,55.9,189,92.3,62.7,75.6,138.3,1435.8,603.8,94.9,124.6,128.6,348
1986-12-01,206.9,81,287.9,542.4,98.7,46.4,76.3,161,382.4,136.6,528.1,135.6,272.2,2732.9,471.4,34.2,57.5,563.2,117.4,130,173.5,73.3,420.9,196.1,56.4,252.5,317.5,77.8,35.2,68.8,78.9,260.7,107.4,77.5,82,159.5,1974.3,708.8,115.7,188,235.4,539.2
1987-01-01,111.6,50,161.7,239.7,65,30.8,66.3,98.1,260.2,99.2,466.4,118.6,217.9,1790.4,420.1,28.1,51.9,500.1,93.2,81.4,93.8,59.5,268.4,106.8,35.6,142.4,137.3,58.9,23.7,46.9,51.7,181.2,91.2,55.4,83.5,138.9,1368.4,617.1,78.1,111.9,103.9,293.9
1987-02-01,99.6,43.4,143,202.5,78.5,28.3,61.3,94.5,262.5,91.1,430.5,110.2,201.3,1659.8,396.5,25.9,49.1,471.5,87.2,77.6,87.7,53.9,252.5,99.8,33.2,133,116,56.3,23.2,45.4,49.4,174.3,87,54.7,76.2,130.9,1278.1,571.5,78.4,103.3,97.3,278.9
1987-03-01,116.5,46.7,163.3,234.1,75.9,30.8,61.6,97.7,266.1,98.8,447.7,111.2,210,1762.6,423,26.4,50.5,499.9,93.1,82.1,92,56.2,267.2,120.9,37.2,158.1,141.8,53.7,25,47.8,51.3,177.7,88.9,58.4,77.9,136.3,1381,592.8,84.9,113.5,97.9,296.3
1987-04-01,135.6,51.3,186.9,247.7,74.2,32.2,64.1,99.3,269.9,102.1,455.5,112.2,214.3,1825.4,417.4,25.5,52.5,495.4,88.3,84.5,84.8,57.3,257.5,128.5,39.2,167.7,164.6,54.3,25.6,49,50.6,179.5,91.4,59.7,83,142.7,1407.4,604.2,85.6,119.6,97.2,302.4
1987-05-01,157.6,57.1,214.7,263.3,76.7,35.5,67.8,106.3,286.2,110.5,459.8,112.2,222.7,1926.6,414.6,25.4,53.8,493.8,95.7,95,89.4,55.1,280.1,138.4,42.5,181,173.8,55.7,26.9,54.3,52.7,189.7,93.2,61.1,83.1,144.2,1462.6,608.2,90,134.9,106.5,331.5
1987-06-01,138.4,51.1,189.5,260.4,73.4,34.8,66.6,98.5,273.3,106.1,443.2,110.4,216.4,1839.2,396.5,24,52.5,473.1,89.9,90.7,79,52.7,259.6,126.1,37.3,163.5,159.5,54.2,25,52.2,48.7,180.2,91.3,56.1,81.8,137.9,1373.8,587.1,85.3,139,88.2,312.5
1987-07-01,145.3,54.1,199.3,277.4,85.1,35.7,68.2,107.1,296.1,113.7,460.1,122,235.6,1953.9,423.4,26.4,53.7,503.6,103.7,98.4,88.7,57.2,290.7,137.9,41.3,179.2,168,56.1,28,51,53.4,188.6,98.5,63.9,85.1,149,1479.1,615.9,98.7,133.1,97.7,329.5
1987-08-01,129.7,48.8,178.5,232.7,82.3,34.4,67.8,105.9,290.4,111.4,463.6,120.3,231.7,1870.7,404.8,26.4,52.3,483.5,100,95.3,96.2,56.8,291.5,124,37.4,161.4,136.2,55.6,27,53.3,53.8,189.5,97.4,61.4,85,146.4,1408.5,617.8,94.4,125,100.2,319.5
1987-09-01,145,54,199.1,251.8,80.3,34.6,70,108.5,293.4,111.1,459.8,122.8,234,1923.2,404.5,27.7,52.4,484.6,101.2,88.9,107.5,57.9,297.7,128.3,38.8,167.1,155.1,55.7,26.2,53.5,55.6,191.1,97.3,60.7,85.7,146.4,1441.9,615,92.8,126.4,110.8,330
1987-10-01,152.7,58.3,211,261.1,80,35.9,69.9,117.1,302.9,111,478.9,124.1,235.1,2034.3,445.3,28.6,55.2,529.1,112.8,92.8,112,64.3,317.5,135.6,42.4,178,166.8,55.4,28.4,57.6,58.5,199.8,99.8,66.4,90.9,157.3,1548.6,643,104.2,139.8,137.3,381.2
1987-11-01,149.9,58.5,208.4,295.2,78.4,37,71.6,121.4,308.4,114.1,478.7,125,239.1,2092.9,425.8,28.5,53.1,507.4,104.1,95.9,117.9,63.6,317.8,137.3,42.4,179.7,161.1,54.9,29.1,56.1,59.9,200.1,96.9,67.9,87.4,155.3,1521.4,639.2,106.2,145.8,150.5,402.5
1987-12-01,219.5,82.6,302,540.3,98.9,51.3,86.2,170.1,406.6,145.5,565.4,135.4,280.9,2888.1,521,38.7,62.9,622.5,120.5,144.8,198.5,82.5,463.8,202.3,61.8,264.1,362.3,76,38.4,72.3,86.1,272.7,111.3,83.3,103.2,186.5,2172,759.2,125.1,225.2,248.8,599.1
1988-01-01,127.5,53.1,180.6,225.3,71.8,32.9,70.9,109,284.6,102,479.2,132.3,234.4,1924,415.3,31,50.9,497.1,83.4,87.6,93.3,67.8,264.3,101.5,36.5,138,147.2,54.6,24.4,53.4,51.1,183.5,100.1,55.9,87.4,143.3,1373.4,647.1,94.8,130.6,126.6,352
1988-02-01,125.3,51,176.3,219,88.2,34.3,66.6,110.7,299.7,106.6,467.2,121.1,227.7,1899.4,419.1,27.9,51.9,498.9,91.3,89.7,103.6,59.8,284.6,115.5,38.8,154.3,122.1,52.2,25.7,52.3,53.8,184,95,59,87.7,146.7,1390.6,622,98.9,136.4,119.4,354.7
1988-03-01,140.7,53.4,194.1,252.2,89,37,68.5,115.5,310.1,111.9,501.1,129.5,241.4,2039.8,467.1,29.1,56.1,552.3,96,94.6,105.6,64.6,296.2,126.1,40.9,167,161.7,54.2,28.7,59,57.4,199.2,101.4,67.1,92.5,159.6,1536.1,667.1,99.5,151.7,123.6,374.8
1988-04-01,145.5,53.2,198.7,259.7,73,34.8,68.9,105.7,282.4,106.4,484.6,124.3,230.8,1948,440.5,28,56,524.5,91.7,92.2,98.2,62.4,282.1,131.2,42.7,173.9,172.3,48.8,27.4,53.3,53.8,183.2,96.2,63.3,95.3,158.7,1494.6,643.2,83.5,140.9,108.8,333.2
1988-05-01,157.1,57.1,214.2,271.5,80.3,38.6,71.3,114.3,304.5,114.8,481.2,126.5,241.2,2051.2,430.4,26.2,54.7,511.3,107.9,104.6,103.8,59.6,316.3,146.9,46.5,193.4,177.5,52.6,28.4,55.8,55.8,192.6,97.8,62.9,88.8,151.7,1542.8,638.6,96.8,163.4,121,381.2
1988-06-01,149.4,53.3,202.7,252.1,75.3,37,77.4,107.5,297.2,113.2,482.9,123.5,236.7,1980.9,439.1,25.8,56,520.8,101.9,101.7,102.1,56.4,305.7,140.8,42.4,183.1,177.9,49.2,27.7,57.2,52.4,186.6,91.3,65.4,90.3,155.7,1529.9,630.6,97.7,150,113.9,361.6
1988-07-01,142.7,53.2,195.9,256.6,74.2,38.1,78.5,108.8,299.5,128.3,479.2,125.6,253.9,1985.4,440.6,28.5,54,523.2,93.2,100.6,111.9,54.1,305.7,134.6,39.3,173.9,153.4,46.8,27.8,54.9,50.2,179.7,94.6,68.5,85.5,154,1489.9,627.9,94.1,146.5,110.9,351.5
1988-08-01,139.1,50.2,189.3,238.2,76.7,37.3,86.7,109.6,310.2,122.7,494.5,124.8,247.5,1997.5,457,28.2,57,542.3,100.3,100.7,109.9,52.9,310.9,135.8,37.9,173.7,150,51.3,28.4,61.5,53.9,195.1,95.4,68.7,91.2,159.9,1531.7,642.8,96.3,149,124.3,369.6
1988-09-01,159.5,59.8,219.3,266.5,75.7,39.3,88.1,118.4,321.6,121.2,508.6,121.7,242.9,2078.8,473.5,31,57.8,562.2,93,103.5,98.1,59.4,294.7,148.8,41.1,189.9,164.9,46.3,29.4,55.3,54.3,185.2,98.3,67,98.4,165.3,1562.2,666.3,102.6,141,118.5,362.2
1988-10-01,158.9,62.5,221.5,268.4,80.5,39.5,87.5,125.5,333,126.9,509.2,125.8,252.7,2131.5,474.9,29.7,57.9,562.4,98,105.6,113.9,63.9,317.5,154.9,44.6,199.5,167.4,47.6,31.6,59.5,60.3,198.9,101.4,68.7,99.1,167.8,1613.6,674.5,103.7,133.8,143.9,381.4
1988-11-01,169,69.4,238.5,318.5,90.4,46.7,86.2,151.8,375.2,148,535.8,126.2,274.2,2352.8,493.7,34.5,59.4,587.6,101.9,117.4,120.7,67.1,340,150.4,45.6,196,204.5,53.7,38.2,61,66.9,219.8,100.7,71.5,104.9,176.4,1724.3,703.5,109.7,161.1,172.1,442.9
1988-12-01,241.9,104.9,346.9,581.8,100.1,68.1,109.3,232.4,510,165.3,627.7,136.1,301.4,3252.4,580.2,51.3,64.9,696.4,117.1,173.8,191.6,99,482.6,204.5,68.5,273,387.9,66.8,53.8,85.4,107.8,313.7,120.3,77.8,108.4,186.2,2339.7,847,132.8,225.3,307.4,665.5
1989-01-01,153,61.7,214.8,232.3,80.5,37.8,86.9,129.4,334.6,164.1,507.8,134.1,298.2,2140,483.2,22.4,54.9,560.6,84.5,108,108.5,51.6,301,124.8,38.6,163.4,142,55.5,28.9,58.1,55.4,197.8,106.2,71.1,96.1,167.2,1532,665.7,89.9,143.8,160.7,394.4
1989-02-01,124.6,52.2,176.8,193.8,93.3,34.3,81.7,120.6,329.9,137.6,503.2,118.9,256.5,1984.8,465.5,23.4,53.7,542.5,84.3,100.9,93.8,52.3,279,118.2,36.1,154.3,130.4,50.2,29.3,53,54.7,187.2,97.3,71.3,96.6,167.9,1461.4,652.8,86.2,133.6,155.2,375
1989-03-01,148.9,61.2,210.1,265.8,90.6,41.4,86.9,133.2,352.1,140.9,578.3,125,265.9,2247.5,536.3,25.1,59,620.4,93.4,116.7,104.7,66.8,314.8,132,39.7,171.7,166.5,55.8,31.7,60.5,58.7,206.8,105.4,83.1,97.5,180.6,1660.7,750.5,94,148,161,403
1989-04-01,163.8,63.7,227.5,253.5,86.2,38.3,81.3,129.3,335.2,136.7,546.5,120.7,257.4,2181.4,483,22.4,57.8,563.2,97.3,120.5,101.2,70.1,318.9,141.4,42.1,183.5,161.1,51.8,30.6,57.2,55.4,194.9,100.6,80.9,98.5,179.4,1601.1,717.2,97.2,144.1,149.3,390.5
1989-05-01,172.4,69.4,241.8,276.5,92.2,44.8,88.9,142.8,368.7,141.6,540.7,123.5,265.1,2314.2,495.4,22.5,60.4,578.2,99.7,136.7,107.5,73.5,343.8,149.8,45.2,195,176.7,56.6,33.2,62.8,62.1,214.7,103.9,85.4,97.5,182.9,1691.4,718,109.7,168.8,165.6,444.1
1989-06-01,167.5,69.3,236.8,274.1,87.5,44.1,85.7,127.6,344.9,151.3,546.9,133.6,284.9,2289.2,496.5,22.4,59.8,578.8,96.8,121.7,94,67.7,312.6,139.2,41,180.2,192.2,57,30.2,58.6,54.7,200.6,107.4,83,94.4,177.5,1641.8,722,112.4,173.9,140.1,426.4
1989-07-01,162.8,65.8,228.5,267.1,90.1,42.2,86.3,126,344.6,148.9,549.5,133.7,282.6,2254.4,494.4,22.5,56.1,572.9,93.9,128.3,109.9,71.1,332.1,130.8,40.1,170.9,159.2,56.1,32.9,60.5,58.1,207.5,106.9,89.6,93.7,183.3,1625.9,727.5,109.2,166.7,128.2,404.1
1989-08-01,145.5,66,211.5,256.7,91.9,46.2,93.3,136.7,368.1,150.7,570.1,137.1,287.8,2299,525.8,23.5,56.4,605.7,95.2,136.2,94.1,73.4,325.5,125.6,37.4,163,165.2,62.2,32.7,64.2,58.9,218.1,109.6,87.2,90.2,177.4,1654.8,753.1,110.6,170.8,140.4,421.7
1989-09-01,161.6,72.1,233.7,272.6,90.4,48.7,96.5,144.5,380.2,152,575.8,136.5,288.4,2363.4,509.7,23.1,55.8,588.7,91.2,139.2,105.2,84,335.7,125.9,38.9,164.8,171.6,60.6,34.8,65,61.3,221.7,108.8,92,96.3,188.3,1670.8,768.5,117.8,172,130.2,420
1989-10-01,160.2,73.1,233.3,268.4,90.3,49.6,97.2,147.8,384.9,158.6,556.1,143.5,302.1,2380.7,503.4,22.8,59.6,585.7,94.5,139.7,111.3,85.2,345.6,129.9,40.3,170.3,174.6,61.1,34.8,63,63.3,222.2,110.6,91.1,111.9,203,1701.4,751.9,121.5,175.1,143.3,439.9
1989-11-01,184.6,82.3,266.9,329,90.1,54.4,100.7,168.4,413.6,165.6,586.8,146.4,312,2622.7,532.5,27.1,59.9,619.6,108.6,147.9,117.6,88.7,374.1,138.7,43.5,182.2,211.4,63.7,37.2,67.3,67,235.2,113.8,91.7,111.8,203.6,1826.1,789.3,137,189.6,185.3,511.9
1989-12-01,244.7,117.5,362.2,560.9,95.2,75.3,119.6,242.6,532.7,199.3,702,161.8,361.1,3428.9,629.3,44.5,74.1,747.8,112,204.7,172.1,146.7,488.9,200.9,69,269.9,395.7,89.3,61.6,88.2,118.6,357.7,134.4,118.3,118.5,236.8,2496.8,983,146.3,253.9,228.9,629.1
1990-01-01,152.6,72.2,224.8,237.6,80.4,47.3,93.4,141.2,362.4,170,563.1,169.4,339.4,2305.3,531.1,22.7,64.2,618.1,84.5,136.5,111.5,85.1,332.5,113.5,39.6,153.1,153.2,76.1,35.3,67.8,66.4,245.5,121.4,91.3,106.9,198.3,1700.6,769.5,103.7,171.6,96.4,371.7
1990-02-01,129.3,64,193.3,201.6,93.3,46,88.1,139.8,367.3,159.3,558.2,148.7,308,2168.4,502.7,23.9,58.9,585.5,79.5,128.4,90.7,75.5,298.6,102.2,35.1,137.3,137,69.9,30.6,61.9,59.7,222.1,114.6,88.1,95.4,183.5,1564.1,748.3,96.2,158.9,95,350
1990-03-01,159.2,73,232.2,258.5,99.5,49.6,99.5,152.1,400.8,166.1,608.8,157.4,323.4,2422.6,568.4,26.4,66,660.9,81.7,131.6,99.9,82.1,313.2,114.3,38.2,152.5,167.7,57.4,33.8,67.9,62.1,221.3,123.5,104.4,100.2,204.6,1720.2,814.4,114,175.5,103.8,393.3
1990-04-01,168.8,70.5,239.3,260,84.2,45.6,99.2,135.8,364.7,161.9,570.2,157.2,319.1,2320.8,525.4,25.8,61.5,612.7,78.3,135.1,96.9,79.9,310.3,126,39.8,165.9,179.9,50.4,33.7,65.1,56.4,205.6,118.8,88.8,95,183.9,1658.3,768.9,105.9,165.7,97.1,368.8
1990-05-01,197.2,77.5,274.7,287.7,93.7,49.9,107.7,148,399.4,158.8,596.2,157.4,316.2,2494.2,548.1,25.1,63,636.2,87.9,147.6,102.2,79.9,337.7,138.4,42.6,181,190.5,58.4,35,70.3,61.3,225,123.6,90.9,92.6,183.5,1754,799.7,121.8,190.2,104.6,416.6
1990-06-01,165.8,73.5,239.3,287.3,83.9,45.2,98.9,135.8,363.7,150.4,605.4,155,305.3,2400,530.3,24,63.5,617.9,84.3,141.1,90.1,76,315.4,134.2,40.6,174.7,197.8,53.2,33.2,59.8,57.6,203.8,127.5,84.8,97.3,182.1,1691.7,809,121.6,173.1,100.7,395.4
1990-07-01,165.5,70.8,236.3,256.5,92.8,46.2,101,138.7,378.8,150.3,594.8,152.9,303.2,2352.1,505.5,23.6,61.4,590.5,85.2,136.1,99.1,71.1,320.4,132.4,39.7,172.1,157.9,53.3,34.3,58.6,58.1,204.2,125.9,95.4,98.1,193.4,1638.6,791.8,113.4,173.9,98.2,385.5
1990-08-01,162.1,70.7,232.8,266.6,103.3,47.4,107.4,144.8,402.9,159.8,644.1,155.9,315.7,2467.1,549.4,25.3,63.5,638.2,87.4,143.6,100.2,72.7,331.2,127.1,39,166.1,173.4,56.3,37.1,64.3,62.5,220.1,130.1,89.1,97.6,186.7,1715.8,846.9,114.4,181.1,106.6,402.1
1990-09-01,171.6,73.1,244.7,267,86.6,46.2,117,139.9,389.7,168.4,604.4,134.9,303.3,2379.4,517.9,24.5,60,602.3,76.5,125.9,98.8,69,301.2,118.5,37.8,156.3,164.2,50.5,35.6,61.5,59.1,206.7,116.9,92.6,90.3,182.9,1613.6,790.2,116.3,171.4,96.7,384.4
1990-10-01,187,77.7,264.7,277.7,86.8,51,126.6,151.6,416,159.5,630.1,147.2,306.7,2520.7,559.3,26.9,62.2,648.4,85.4,131.7,107.8,73,324.9,128.4,41.5,169.8,178.7,50.8,37.6,65,63.2,216.7,123.3,91.2,94,185.2,1723.7,826.4,126.7,189.2,113.3,429.3
1990-11-01,202.3,83.4,285.7,327.3,87.9,54.2,120.9,163.9,426.9,168.2,665.7,147.3,315.5,2677.5,581.7,29.3,62.4,673.4,87.4,135.2,116.7,83.6,339.3,135.9,44.2,180.1,214.5,53.3,39.3,62.2,68.2,223,125.3,88.2,94.9,183.1,1813.5,874.6,126.5,194.9,126.2,447.6
1990-12-01,272.5,114.5,387,561.4,93.5,72.5,131.4,215.8,513.2,191.8,737.9,164.5,356.3,3390.7,643.7,45.7,71.4,760.8,104.3,182.8,177.5,121,464.6,191.9,66.8,258.7,377.7,71.9,54.5,74.2,101.3,301.9,136.5,93.1,116,209.1,2372.9,995.4,137.8,280.2,159.5,577.5
1991-01-01,172.2,73.7,245.9,242.5,74.8,45.4,98.7,135.1,354,165.3,677.9,153.3,318.7,2420.6,576.5,24.3,64.1,664.9,82.6,131.3,108.5,76.4,322.4,113.4,42.6,156,154.4,62.5,33.9,58.6,60,214.9,121.5,84.3,103.6,187.8,1700.4,875.8,108.5,186.3,89.1,383.8
1991-02-01,144.2,65.2,209.4,209,89.6,43.5,98.2,135.5,366.8,147.6,617.3,136,283.6,2240.5,532.9,22.3,57.5,612.7,75.6,112.3,112.1,67.3,300,104.7,37.7,142.3,137.1,54.1,31.5,53.8,56.9,196.3,112.3,79.9,87,166.9,1555.3,796.9,104.4,170.8,99.6,374.8
1991-03-01,160,70.4,230.4,251.9,95.1,46.7,107,142.4,391.2,152,672.3,145.9,297.9,2456.5,591.5,25.1,61.6,678.3,79.8,119.3,103.1,74.3,302.2,115.6,39.1,154.7,169.8,52,32.7,61.8,55.4,202,121.6,78.2,95.9,174.1,1681,868.1,116.2,171.7,129,417
1991-04-01,190.4,75.1,265.5,260.7,81.7,46.4,108.9,137.3,374.3,148.1,623.1,146.7,294.8,2424.2,542.6,22.5,60.6,625.7,79.2,128.9,98.1,73.1,306.3,134.9,43.9,178.9,176.4,46.8,32.4,57,56.8,193.1,120.2,75.3,94.2,169.5,1649.9,816.5,116.8,170,125.6,412.4
1991-05-01,213.5,81.1,294.6,291.6,91.6,48.3,117.3,146.5,403.7,158.8,666.9,144.1,302.9,2607.8,589.2,25,63.8,678.1,84.9,134.2,97.8,75.9,316.9,138.4,45.7,184,193.4,55.2,34.6,60.9,61.6,212.2,124.1,79.8,98,177.7,1762.3,866.9,133.9,186.9,127.3,448.2
1991-06-01,183.1,72.6,255.7,253.8,92.6,43.2,126.1,137.6,399.6,150.6,621.1,142.4,293,2405.5,539.3,22.8,59.7,621.8,89.3,121.7,85.7,66,296.7,114.1,38.1,152.2,178.8,48.4,29,63.1,53.3,193.9,120.1,80.9,98.1,179,1622.4,807.1,114,170.5,111.7,396.3
1991-07-01,214.1,76.5,290.5,290.4,103.6,47.7,136.1,147,434.5,158.2,657.7,145.2,303.4,2595.4,561.5,23.4,61.6,646.6,97.2,131.1,110.8,66.9,339.1,130.8,40.9,171.7,179.3,54.1,31.1,75.5,57.8,218.5,124.5,82.4,96.7,179,1734.3,849.1,119.9,193.5,114.1,427.5
1991-08-01,185.6,73.4,259,269,98.9,49.3,143.4,152.9,444.5,165.4,711,149.4,314.8,2641.7,596.6,26.4,61.5,684.5,96.7,128.5,104.5,72.2,329.6,120.3,39.3,159.6,176.2,51.2,32,71.2,58.2,212.6,130.2,83.3,98,181.2,1743.7,913.5,128.7,194.2,118,440.9
1991-09-01,180.7,78.1,258.8,256.8,98.7,52.1,119,157.5,427.3,189.2,639.2,143.5,332.6,2522.1,546.3,24.2,60.5,631,86.7,116,95.7,69.8,298.5,108.2,40.1,148.2,176.1,43.2,35.2,64.7,57.5,200.7,119.1,84.6,98.6,183.2,1637.8,828.2,123,175.8,119.6,418.4
1991-10-01,219.2,88.5,307.7,301.8,91.3,55.8,119.6,169.3,436,214,696.7,152,366,2765.4,612.6,26.7,65.6,704.9,100.5,122.6,130.7,75,353.8,128.8,49,177.8,194.9,49.7,44.6,72.1,70.9,237.3,127.7,79.7,104.2,183.9,1852.4,899.4,138.4,194.6,121.5,454.5
1991-11-01,211.4,89.7,301,331,103.1,59.5,123.5,184.8,471,218.2,701.9,152.8,370.9,2852.5,617.5,28.9,64.2,710.7,96.8,126,120.3,79.7,343.1,126.3,48.1,174.4,219.2,48.5,44.4,71.4,71.7,236,127,83,106,189,1872.4,908.5,144.8,196.8,128.5,470.1
1991-12-01,300.9,127.5,428.4,580.3,112,82.4,138.7,250.1,583.3,225.9,772.1,167.9,393.8,3561.7,659,42.6,75.4,777.1,110.8,172,176,113.9,458.8,180,69.2,249.2,385.1,66.9,56,90.5,104.1,317.5,141.8,90.3,137.2,227.5,2415.2,1027.9,139,257.6,151.4,548.1
1992-01-01,205.1,87.9,292.9,256.3,90.2,53.1,104,164.4,411.7,178.6,707.9,166.9,345.6,2628.2,593.4,27.3,63.4,684.1,96.8,130.1,91,77.5,317.9,109.4,46.2,155.6,167.9,56.9,34.4,78.8,59.6,229.6,133.5,82.3,110,192.3,1747.4,918.9,110.9,191.7,100.1,402.7
1992-02-01,178,81.4,259.5,232.2,96.3,53.5,103.8,169.8,423.4,170.7,676.2,153.4,324.1,2510,570.5,26.4,60.8,657.7,86.4,109.1,100.8,66.7,296.3,98.2,37.7,135.9,156.9,49.9,31.2,69.4,55.6,206.2,125.9,77.1,107.4,184.5,1637.5,868.9,108.9,184.8,108.2,401.9
1992-03-01,180.4,84.3,264.7,242.1,103.4,52.9,92.7,171,420,188.5,697.3,167.4,356,2591.3,593,29.3,65.1,687.3,83.5,117.3,116.4,72.3,317.2,111.7,41.4,153.1,166,50.1,33.4,79.6,57.9,221,135.1,81.4,116.5,197.9,1742.5,904.7,105.5,185.1,113.2,403.8
1992-04-01,205.7,88.5,294.1,286.9,98.7,52.4,96,167.5,414.6,189.6,720.2,161.5,351.1,2679.8,598.3,29,65.8,693,88.4,113.1,118.4,73.8,319.9,131.3,45.9,177.3,203.8,46.1,33.6,84.5,55.7,219.9,135.1,78.7,116.8,195.6,1809.5,929.1,114.1,181.7,108,403.9
1992-05-01,225.2,93.4,318.6,308,95.8,52.8,92.4,173.2,414.2,195.5,713,162.1,357.7,2723.2,599.8,27,67.1,693.8,94.1,120,108.9,69.7,323,135.6,47.8,183.5,203.8,50.8,31.9,88.9,56.9,228.6,137.7,76.7,117.2,193.9,1826.6,920.4,116.8,189.4,98.2,404.4
1992-06-01,219.1,82.3,301.5,289.7,89.3,48.1,99,150.8,387.2,179.9,688.4,150.2,330.1,2590.8,570.1,26.1,60.1,656.4,96.1,113.8,98.3,65.4,308.2,125.3,41.3,166.6,194.7,43.9,28.6,90.1,50.4,213,129.5,76.2,93.1,169.3,1708.2,883.3,114.3,189.5,95.2,399.1
1992-07-01,220.2,84.2,304.4,271.7,101.4,51.1,102.3,160.9,415.6,187,738.3,145.5,332.5,2694.2,600.9,28.5,63.2,692.5,98.9,123.1,113.9,69.4,335.9,126.3,43.1,169.4,184.7,48.1,30.1,93.2,53,224.4,134.2,77.9,100,177.9,1784.9,941.8,120.5,206.2,101.4,428.1
1992-08-01,174.5,79.6,254.1,241.3,100.3,49.8,95.6,164.5,410.2,182.3,721.4,145.1,327.4,2548.2,578.4,27,60.9,666.4,95.3,116.5,102.7,70.8,314.5,107.8,38.6,146.4,171.1,45,29.6,89.9,50.9,215.4,134.9,76.1,97.3,173.4,1687.2,927.1,111.4,183,93.5,388
1992-09-01,175.8,89.6,265.4,284.3,90.2,55.2,110.9,173.6,429.9,178.1,714.2,147.4,325.4,2648.4,575.4,28.7,61,665.1,87.5,125.6,110.6,72,323.8,110.3,41.7,152,190,48,35,89.1,57.4,229.5,132.7,86.5,104.1,190.6,1750.9,918.9,122.7,189.9,112,424.6
1992-10-01,197.9,96.1,294,307.6,88.8,57.9,106.2,182.7,435.6,171.9,757.5,152.5,324.5,2780.7,632.2,30.8,63.9,726.9,100.8,130.6,140.9,77,372.3,130.7,48.7,179.4,208.4,47.8,40.3,92.5,64.3,244.9,138.3,86.2,106.2,192.4,1924.3,972.9,128.6,198.6,118.9,446.2
1992-11-01,199.1,100.6,299.8,336.5,91.8,61.4,109.8,196.9,459.9,178.5,716.2,150.9,329.4,2812,586,29.7,62.5,678.2,96.6,130.7,131.4,77.8,358.8,121.4,46.6,168,227.1,49.4,41.2,96.9,66.5,254,134.9,87.7,107.8,195.4,1881.5,928.9,130.4,201.4,125.7,457.5
1992-12-01,271.1,132.7,403.8,583.9,114.8,80.3,130.8,255.5,581.3,221,832.8,156.3,377.3,3644.5,684,51.8,76.3,812.2,110.6,196.9,182.4,112.3,489.9,179.1,75.4,254.5,392.6,70,63.2,111.1,107.6,351.9,153.8,104.3,129.8,234,2535.2,1098.9,151.4,293.3,154.7,599.3
1993-01-01,173.3,86.2,259.5,252.4,89.6,48.4,101.7,156.1,395.9,158.6,734.9,144.8,303.4,2564.7,616.7,28.3,65.6,710.7,99.7,129.7,135.6,81.1,365,107.5,48.4,155.9,180.9,52.5,33.1,86.5,56.9,228.9,130.4,89.1,118.4,207.4,1848.8,946.3,110.5,196,100.7,407.2
1993-02-01,151,72.9,223.9,219.5,92.5,45.1,96.3,152.6,386.5,160.8,710.8,128.4,289.1,2408.1,569,26.5,59.8,655.3,88.3,114.9,119.3,69.3,322.5,94.4,37.1,131.5,147.3,52.8,29.4,73.5,55.3,211,122,79.4,102.7,182.1,1649.7,902.1,107.6,176.5,102.8,386.9
1993-03-01,167.5,81,248.5,258.6,114.3,48.9,112.9,162,438.1,159.5,754.8,121.7,281.2,2607,611,28.5,62.5,701.9,96.3,132.3,145.9,69.1,374.5,110.9,40.7,151.6,179.2,55.1,33.5,90.9,58.3,237.9,125.9,86.7,104.4,191.1,1836.2,949.8,118.9,198.4,113.5,430.8
1993-04-01,178.7,79.1,257.9,282.4,97.9,45.7,112.8,151.5,407.9,151.4,755.9,131.1,282.5,2583.9,621.5,28.1,63,712.5,96.3,127.2,154.9,75.6,378.4,118,42.3,160.4,203,50.4,34,92.5,55.9,232.9,130.6,84.7,105,189.8,1876.9,962.1,110.5,181.5,99.2,391.2
1993-05-01,205.5,86.8,292.3,314.6,105.7,48.1,116.7,160.5,431.1,155,752.9,123.3,278.2,2681,596.8,26.6,61.9,685.3,104.9,130.2,149,70.4,384.1,125.2,43.4,168.6,215.7,52.2,32.7,95.1,57.1,237.1,128.5,89,103.1,192.1,1882.7,951.8,121.2,196.4,95.4,413
1993-06-01,191.6,84,275.6,311.2,86,46.2,107.9,144.9,385,145.2,730.6,129.9,275.2,2573.1,591.6,23.1,59.3,674,98.8,141.1,133.2,65.6,373.2,126.4,42,168.4,207.3,46.5,34.8,110.6,54.4,246.2,126.2,87.3,98.4,185.7,1854.8,922.3,121.1,193.4,89.3,403.8
1993-07-01,187.4,80.2,267.6,260.2,83.5,49.5,112.8,147,392.7,159.8,747.1,135.8,295.7,2575.9,622.2,25.1,63.1,710.4,101.2,151,141.2,72.3,393.4,128.2,41.5,169.7,173.7,51.3,36.7,109.6,56.9,254.5,133.9,93.7,106.5,200.2,1901.8,953.3,114.5,207.6,84.4,406.4
1993-08-01,163.9,80.4,244.3,251.5,76.9,50.3,114.5,151.5,393.2,153.2,724.5,140.4,293.6,2509,585.9,25.2,60.3,671.4,97.9,137.2,137.2,73.4,372.3,108.7,38.5,147.2,157.8,51.1,36.6,104.5,57.4,249.6,127.6,90.4,101.9,192.4,1790.6,925.6,115.1,194.6,91.1,400.8
1993-09-01,176.4,85.3,261.7,291.3,85.2,54.2,115.6,161.6,416.6,162.9,744.4,146.6,309.6,2652,606.2,26.5,61.6,694.3,94.7,136,139.5,71.5,370.3,102.7,38.9,141.6,193.6,51.9,37.1,115.4,55,259.3,127.3,93.8,101.3,195.1,1854.1,943.3,120.5,206.9,102.2,429.5
1993-10-01,189,87.4,276.4,306.5,85.1,58.9,121.1,169.4,434.4,166,767.2,155.6,321.6,2770.5,634.3,27.8,63.1,725.3,100.3,144.8,155.5,78.2,400.6,110.4,41.4,151.8,201,52.8,41.3,121.2,60.1,275.4,134.3,93,99.6,192.5,1946.6,979.8,125.4,225,101.4,451.8
1993-11-01,196.4,95.3,291.7,337.5,91.8,63.9,124.7,186.7,467.2,182.3,763.6,156.4,338.8,2880.9,622.7,28.1,62.9,713.7,107.7,154.7,162.7,82.9,425.1,118.6,45.4,164,219.9,55.8,48.8,126.3,67.7,298.6,132.4,100.8,101.5,202.3,2023.6,978.9,133.5,224.8,108.5,466.8
1993-12-01,272.3,142.8,415.1,611.9,92.5,95.4,174.2,270.1,632.2,214.5,889.4,163.6,378.1,3850.4,719,47.8,79.6,846.5,111.8,218.9,195.6,124,526.3,172.1,66.8,238.9,396.8,76.9,68.5,151.2,99.6,396.1,156.4,112.2,123.7,235.9,2640.5,1169.7,168.7,295.7,179,643.4
1994-01-01,180.4,84.8,265.2,255.5,75.5,52.7,116.5,159.6,404.3,168.3,765.8,177,345.3,2703,603.2,24.8,66.4,694.3,94.4,139.9,117.5,84.7,351.7,97.3,38.2,135.4,167.5,61,32.5,105.7,53.5,252.7,145.7,83,111.2,194.1,1795.8,996.2,122.7,202.7,111,436.4
1994-02-01,148.6,77,225.6,227.6,83.8,51.4,108.8,161,405,164.5,736.4,147.2,311.7,2539.8,584,25.5,64.2,673.7,88.2,135.2,108.6,71.4,332,86.2,33,119.2,149.1,57.1,32.9,99.4,53.7,243.1,131.7,82.1,103.2,185.3,1702.3,939.5,126.1,182.9,121.4,430.4
1994-03-01,180.5,87.3,267.8,288.3,112.9,54.1,126.2,171.3,464.5,186.2,810.5,170.7,356.9,2889.5,668.6,30.9,73.1,772.5,85,149.9,119.1,77.1,354,107.6,41.1,148.7,189.2,56,40,110.4,60.4,266.8,143.9,91.8,102.8,194.6,1925.8,1031.5,147.3,207.6,125.6,480.5
1994-04-01,194.4,80.9,275.3,281,90.7,48.1,118.2,152.6,409.7,175.8,756,147.3,323.1,2699.7,620.9,27.1,60.6,708.6,78.5,141.3,105.6,75.7,325.3,112.2,41.3,153.5,197,52.7,39,107.8,54.1,253.6,137.1,87.2,94.5,181.8,1819.8,968.7,136,189.6,116.2,441.8
1994-05-01,201.9,84.2,286.1,311.7,101,50.9,123.4,159.5,434.8,179.4,770.8,148.7,328.1,2826.5,615,27.5,62.1,704.6,87.9,154.2,108.5,72.3,350.6,114.3,41.7,156,212.1,58.5,40.7,113,58.6,270.8,136.1,86.4,93.5,179.9,1874,979.3,146.6,214.8,125.1,486.4
1994-06-01,182.8,86.1,268.9,315.8,102.5,52.5,119.7,157.4,432.2,177.5,782,148.6,326.1,2803.8,623.5,27.5,60.7,711.7,92.9,166,99.5,73.5,358.4,100.5,38.1,138.6,210.8,58.4,42.8,114.5,54.6,270.4,127.8,82.8,97.1,180,1869.9,983.4,150.1,208.2,119.1,477.5
1994-07-01,176.5,79.9,256.4,276.8,102.5,55.8,125,156.9,440.2,198.1,801.3,154.8,352.9,2814.6,632.7,25.7,63.4,721.7,93.5,161.2,102.1,78.8,356.8,104.5,38.2,142.7,169.9,60.9,44.9,115.6,59.5,280.9,130.5,90.5,104.1,194.6,1866.6,1010.6,143.7,216.5,117.5,477.7
1994-08-01,171.3,84.6,255.9,269.6,92.8,57.7,132.7,169.6,452.8,201.3,806.7,155.5,356.8,2890.2,636.3,25,62.4,723.7,91.5,165.7,109.7,77.7,366.9,96.8,38.9,135.7,182.2,65.4,46.8,118.5,64.2,295,135.7,92.2,101.5,193.7,1897.2,1020.1,167.7,243.5,123.8,535.1
1994-09-01,182.6,92.9,275.5,306.4,93.4,51.9,124.9,186.2,456.4,196.3,812.8,156.9,353.2,2920.5,649.6,26.9,64.5,740.9,89.8,161.7,112.8,84,364.3,100,39.7,139.7,202.8,61.8,45.3,117.7,65.5,290.2,138.5,98.3,107.7,206,1943.9,1035.3,152.7,206.5,134.5,493.7
1994-10-01,187.6,101,288.6,317.6,88.7,52.9,120.5,206.3,468.4,191.1,818.7,148.6,339.8,3005.2,654.7,28.4,71.4,754.4,80.4,163.9,125.2,90.6,369.5,106.4,44.7,151,215.2,67.6,44.6,116.8,78.7,307.7,153.9,105.8,119.3,225.1,2022.9,1063.2,160.4,226.1,141,527.4
1994-11-01,194.9,101.4,296.3,348.2,96.8,59.4,129.2,198.3,483.7,216.5,808.4,147.9,364.3,3121,653.4,28.8,68,750.2,82.1,182.8,127.4,98.7,392.3,110,46.2,156.2,223.1,70.5,51,120.9,81.7,324.1,151.6,101.4,118.5,219.9,2065.8,1058.8,171,253.5,145.2,569.7
1994-12-01,278.7,139.6,418.3,648,101.7,94.4,149.5,269.5,615.1,238.7,943.4,164.7,403.3,4071.9,791.7,46.8,85.9,924.4,88.7,263.3,169.6,144.9,521.6,172.4,69.3,241.7,418.7,94.1,88.9,146.9,126.9,456.7,179.2,109.6,136.7,246.3,2809.4,1267.6,182.3,356.5,180.7,719.5
1995-01-01,185.7,90.6,276.3,261.3,77.3,49.2,114.9,176.6,418,217.8,792,171.1,389,2876.8,647.1,26.4,73.8,747.3,81.9,183.2,112.3,94.3,377.4,107.9,42.6,150.5,165.1,67.7,45.9,102.5,69.7,285.9,160.9,95.9,126.5,222.3,1948.5,1047.1,131.7,232.7,120.8,485.2
1995-02-01,155,85,240,236.8,77.1,43,103.8,170.8,394.6,207.1,755,151.1,358.2,2690.8,639.8,25.2,66,731,74.3,171.8,108.6,83.3,354.8,87.9,40.9,128.8,152,65.7,41.1,101.4,72.5,280.8,157,94,113.2,207.2,1854.4,995.3,140.3,204.5,121,465.9
1995-03-01,181.9,91.8,273.7,282.4,87.7,48.1,123.6,179.7,439.1,227.7,838,167.3,395,3001.4,693.6,28.7,69.9,792.2,79.2,198.8,120.5,90.3,398.6,98.8,47.7,146.5,188.2,68.5,46.5,113.8,81.3,310.1,165.5,112.1,126,238.1,2073.7,1093.8,155.6,229.1,132.6,517.3
1995-04-01,206.8,94.2,301,308.9,69.9,48.2,124.9,174.9,417.8,218.8,819.9,167.3,386.1,2962.4,666.6,26.5,71.4,764.6,71.6,183.1,110.6,93,365.2,112.4,51.4,163.8,215.7,63.7,47.1,107.8,82.4,300.9,164.4,100.8,128.1,229,2039.3,1077.2,137.5,217.7,116.3,471.5
1995-05-01,205.5,95.3,300.8,317,83.2,51.2,132.2,174.9,441.6,233.5,834.8,166.3,399.9,3064.3,674.3,27.9,74.2,776.5,80.3,210.9,110.5,84.4,401.7,104.2,49.1,153.4,211.6,72.9,51.6,120.8,84.3,329.5,160.8,100,122.4,222.4,2095.1,1080,161.5,250.3,113.2,525
1995-06-01,200.9,95.3,296.2,306.8,75.5,50,132,169.1,426.6,213.7,832.8,159.8,373.5,2995.7,672.7,28.8,71.2,772.7,77.6,224.6,112.9,85.9,415.1,104.1,47,151.2,209.9,71.2,54.8,113.1,79.6,318.7,156.9,100.7,120.7,221.5,2089.1,1075.6,158,238.7,120.2,516.9
1995-07-01,191.1,103.1,294.1,314.4,82.8,54.9,131.7,184.9,454.2,230.3,838.6,176.6,406.9,3070.5,672.5,27.7,75.3,775.5,85,208.9,107,89.6,400.9,98.4,48.1,146.5,197.2,71.7,52.8,110.4,78.1,313.1,158.5,98.2,127.2,225.4,2058.6,1086.7,160.9,228.9,124.3,514.2
1995-08-01,187.9,100.7,288.6,299.4,88.1,53.3,140.2,192.5,474.1,226.6,878.3,179.4,406,3117,699.6,28.8,76.5,805,79.6,203.1,114.9,91.1,397.6,90.9,47.6,138.5,197.8,72.7,52.4,119.8,81.7,326.6,169.3,96.7,130.7,227.4,2092.9,1138.7,156.8,219.3,134,510.1
1995-09-01,186.3,110.4,296.7,292.9,83.9,54.9,145.2,201.5,485.5,240.4,846.4,179.1,419.4,3128.7,698.1,30.1,74.7,803,81.4,204.5,117,95.5,402.8,90.8,48,138.8,195.3,71.1,52.3,117.1,82.6,323.1,164.3,100.5,132.9,233.4,2096.4,1106.2,168.2,219.2,140.6,528
1995-10-01,194.3,111,305.3,321.6,88.6,55.3,128.3,210.5,482.7,246,885.5,202.5,448.4,3262.5,699.8,28.3,76.9,805,89.6,192.9,133.3,93.4,415.8,98.3,50.4,148.7,203,68,52.7,118.7,81.9,321.2,184.2,90.2,140,230.2,2123.9,1163.1,162.4,215.2,163.7,541.4
1995-11-01,208.1,117.5,325.6,370,96,67.5,135.5,227.9,527,256.8,905.7,205.7,462.5,3470.8,719.8,32.8,80.5,833.2,85,205.8,141.6,104.2,432.3,104.1,51.8,155.8,246.8,71,55.5,123.4,86,335.9,192,104.1,136.4,240.4,2244.4,1201.9,161,246.7,176.2,583.9
1995-12-01,305.3,166.8,472.1,663.3,106.2,105.9,158.6,316.5,687.1,297.4,1020.8,223.9,521.3,4477.4,822.5,52.5,93.6,968.6,95.5,300.7,191.1,150.2,587.3,152.2,79.9,232.1,436.7,98,99,148.7,143,488.7,219.4,108.4,151.1,259.4,2972.8,1390.4,177.6,340,225.4,743
1996-01-01,204.9,108.5,313.4,290.8,89.5,53.6,117.6,202.2,463,259,884.2,231.9,490.8,3243.7,711.5,27.6,76,815.1,85.6,185.2,130.2,93.7,401,96.1,45.6,141.7,187.4,90.9,55.7,102.1,75.8,324.6,168,95.9,143.2,239.1,2109,1145.9,144.3,238,157.5,539.8
1996-02-01,179.8,107.7,287.6,255,90.2,54.7,105,210,460,251.8,878.2,210.1,461.9,3116.6,712.4,28.5,77.3,818.3,77.9,174.9,118.7,92.2,371.4,75.4,42.2,117.6,169.2,74.5,50,100,74.3,298.8,166.6,87.8,131.2,219,1994.3,1137,140,227.5,147.7,515.2
1996-03-01,191.8,111,302.8,284,94.9,56.6,108.8,204.5,464.8,258.6,910.9,221.6,480.2,3268.7,741.8,30.9,76.8,849.6,81.7,195.2,126.6,101.3,403.6,89.2,46.5,135.7,189.4,68.8,54.6,105.7,76.1,305.1,170.2,97.1,141.2,238.4,2121.7,1182.3,143.3,253.3,158.1,554.7
1996-04-01,210.3,108.5,318.8,301.9,85.7,53.9,113,203.3,456,248.3,882.4,215.9,464.2,3214.8,702.4,30.2,82.2,814.8,78.8,196.6,114,98.7,389.4,103.9,47.3,151.2,220.1,63.2,54.8,98.7,74.8,291.4,163.3,96,140.4,236.4,2103.4,1144.4,141.2,235.9,152.4,529.6
1996-05-01,221.3,112.2,333.5,336.3,89.7,57.4,120.8,209.4,477.2,236.5,936.1,211.3,447.8,3375.1,738.7,30.5,80,849.1,84.6,217.9,120.1,98.7,422.5,103.1,49.8,152.8,224.2,67.3,56.5,105,80.2,309.1,167.9,98.7,137,235.6,2193.4,1202.7,144.3,262.3,171,577.6
1996-06-01,201.2,107.9,309.1,314.2,86.8,60.3,116.3,194.8,458.2,229.2,888.1,202.7,431.9,3239,692.4,30.2,75.9,798.6,83.8,218.5,112.9,95.1,415.2,95.8,46,141.8,213.3,63.5,55.4,98.5,73,290.4,174.3,98,127.9,225.8,2085.1,1157.5,147.6,262.6,158,568.1
1996-07-01,216.2,121.9,338.1,315,87.9,64.5,119.9,215.7,488.1,233.3,914.4,201.7,434.9,3349.6,708,33.5,78.5,819.9,92.6,223.5,117.1,92.5,433.2,95.3,46.8,142,203.4,65.2,54.9,109.4,76.4,305.8,169.1,101,128.9,229.9,2134.3,1176,161.3,262.2,174,597.5
1996-08-01,200,121.4,321.4,303.5,96.7,62.2,118.2,228.6,505.6,240,952.1,206.4,446.4,3358.5,748.6,35.4,79.7,863.6,94,218.4,123,97.6,435.4,85.8,47.4,133.2,199.7,67.5,57.1,107.4,83.5,315.5,173.1,98.6,130.2,228.8,2176.2,1222.8,149.5,251.6,157.5,558.7
1996-09-01,193.8,122.8,316.6,288.5,93.6,61.4,113,226.6,494.5,224.6,905,197.7,422.3,3239.6,696,36.5,76.2,808.7,86.9,195.4,117.5,94.7,399.8,85.2,46,131.2,186.2,62.7,55.9,102.1,79,299.7,164.1,95.7,123.5,219.2,2044.9,1163.8,149,238,167,554
1996-10-01,206.6,126.7,333.3,320.2,92.3,59.2,127.3,229.8,508.5,229.5,958.9,213.9,443.4,3434.7,782.4,39.7,78.6,900.8,102,220.4,140.8,101.7,463.3,100.7,57.4,158.1,203.9,70.4,69.1,109.1,95.9,344.6,178.5,99.3,126.2,225.5,2296.1,1239.1,164.3,244.8,181,590.1
1996-11-01,210.6,130.7,341.3,370.4,99.1,65.5,126.8,242.6,534,226.9,965.9,208.1,435,3534.8,770.2,41.6,83.8,895.6,93.4,229.1,156.7,113.3,479.2,95.5,58.4,153.9,250.8,71.3,75.4,112.1,104.2,363,172.1,102.3,130.9,233.3,2375.8,1251.3,163.5,249.8,189.6,603
1996-12-01,307.2,187.5,494.7,645.9,118.9,104.9,144,336.5,704.3,249.5,1040.8,222.1,471.6,4478.3,845.8,64.3,96.5,1006.5,102,316.8,202.5,153.1,621.4,137.2,86.1,223.3,442.4,104.5,118.3,137.8,157.6,518.1,188.8,116.8,137.9,254.6,3066.5,1382.7,177.8,351.5,249.8,779.1
1997-01-01,202.5,132.5,334.9,284.9,91,53.8,97.1,228.4,470.4,224.6,978.6,225,449.6,3318.8,814.6,39.4,77.6,931.6,95.6,228.8,141.7,93.7,466.1,93.5,54,147.5,197.4,76.4,56.7,96.5,91.1,320.7,165.1,100.2,141.9,242.1,2305.3,1237.4,146,227.5,168,541.5
1997-02-01,166.8,110.2,277,249.4,93.2,51.5,93.1,212.9,450.7,213.2,899.6,192.5,405.6,3051.3,742.6,37.2,70.1,850,88.1,212.6,129.2,92.1,429.9,70.1,48.7,118.8,171.9,67.3,55.7,96.8,88.1,307.8,149.5,88.6,127.5,216.1,2094.5,1141.2,135.9,236.5,154.9,527.3
1997-03-01,174.4,121.6,296,285,98.6,53.1,101.3,222.3,475.3,224.4,986.3,214.6,439,3293.2,795.8,41.4,77,914.3,88.8,205.9,140,103.3,434.7,87.9,51.7,139.6,214.3,69.9,61.3,104.7,89.3,325.3,161,114.4,135.6,249.9,2278,1250.7,141.9,235.4,169.9,547.2
1997-04-01,200.5,120.4,320.9,281.7,92.8,50.8,106.2,217.2,467,215.8,928.1,207,422.8,3196.8,756.5,39.4,79.8,875.7,97,215.4,132.2,95.7,444.6,107.2,58,165.1,212.6,73.2,61.9,111.2,93,339.4,165.3,108.9,142,250.8,2288.1,1189.1,132.3,223.3,159.8,515.3
1997-05-01,228.1,127.4,355.5,337.5,97.7,55.2,107.7,225.4,486,221.3,985.3,210.6,431.9,3440.9,796.6,42.1,84,922.8,102.5,219.2,127.3,103.7,449,104,59.6,163.6,241,67.7,64.3,115.9,96.7,344.6,165.1,108.3,144.3,252.7,2373.6,1254.1,141.8,261.4,172.7,575.9
1997-06-01,200.5,120.9,321.4,287.2,90.1,60.4,105.7,217.2,473.3,207.9,909.8,198.3,406.2,3211.4,741.9,39.8,77.1,858.8,99.9,226.7,123.1,96.7,449.7,90.2,52.3,142.5,200.4,64,63.4,110.4,87.7,325.4,161.4,100.7,135.1,235.8,2212.6,1167.8,144.3,257,154.1,555.4
1997-07-01,207.7,126.8,334.5,341.4,89,63.5,114.1,228.2,494.9,218.7,960.6,207,425.7,3399.7,776.5,42.1,85.1,903.8,107,225.3,121,91.1,453.4,98.7,58.7,157.4,226.3,64.8,67.3,120,93.2,345.3,201.3,108.5,129.1,237.5,2323.8,1253.1,150.9,254.3,144.9,550.1
1997-08-01,185.2,122.4,307.6,281.5,91.1,57.5,115.6,227.9,492,227.7,972,209,436.7,3306.9,782.6,44.5,83.3,910.4,106.1,230,124.3,95.4,460.4,89.6,58,147.6,198.2,67.4,68.1,120.1,100.9,356.6,201,113.8,124,237.8,2311,1268.4,144.9,234.5,141.3,520.7
1997-09-01,195.9,124.5,320.5,320.6,93.9,60.1,111.3,234.9,500.2,222.9,946.9,211.2,434,3344.9,761.6,43.5,82.6,887.7,106.9,206.5,138.7,90.4,452,94.7,59.8,154.5,226.6,68,72,118.3,104.3,362.6,200.3,110.3,124.7,235,2318.5,1237.7,141.4,226.1,164.3,531.8
1997-10-01,199.7,139.8,339.5,332,91.4,59.3,116.9,257.6,525.2,227.6,1022.6,215.9,443.6,3520.8,828.2,46.8,90.2,965.2,125.6,236.3,152.5,102,514.4,101.3,66.4,167.6,232.6,72.5,79.5,107.8,112.4,372.1,207.4,120.6,122.7,243.4,2495.3,1331.9,154.2,231.8,162.7,548.7
1997-11-01,211,144.6,355.6,382.1,94.4,64.8,112.8,280.7,552.7,237.8,1001.1,210.1,447.8,3601.5,805,51.5,86.2,942.8,117.1,241.2,159.3,108.7,517.6,108.2,66.7,175,272.3,71.6,85.8,106.5,109.3,373.2,204.7,115.9,122.6,238.5,2519.3,1314.5,148,227.9,172.8,548.6
1997-12-01,317.1,204.8,521.9,658.3,118.3,102,139.8,390.1,750.2,257.9,1115,225.3,483.2,4684.7,896.9,82.8,103.2,1083,128.1,339.3,212.8,157.4,680.2,151.1,98.2,249.4,465.3,103.2,128.5,134.5,170.4,536.6,240.8,133.2,131.1,264.3,3278.7,1513.3,165.1,344,248.7,757.9
1998-01-01,189,133,322,321.2,89.1,58.9,113.2,235.6,496.8,225,1039.1,215.1,440.1,3491.6,838.1,46,85,969.2,118.5,188.9,142.8,100.7,450.2,92.8,63.6,156.4,214.2,75,68.2,95.2,109.9,348.3,233.7,116.6,124.9,241.5,2379.7,1373.6,137.8,243,157,537.9
1998-02-01,159.6,112.4,272,237.1,89.3,49.5,105.7,224.4,469,188.6,940.6,191.2,379.9,3083.5,748.4,43.9,81.9,874.2,111.9,155.9,128.3,88.9,396.1,82.8,55.3,138,174.2,67.6,60.3,88.8,101.6,318.3,207.8,103.3,114.6,218,2118.9,1237.3,129.7,213.7,145,488.4
1998-03-01,175.6,115,290.6,278.7,97.1,53.3,116.5,219.1,486,208.5,1003.8,198,406.5,3315.2,797.6,47.1,86.8,931.4,117.1,171.3,139.1,94,427.5,102.8,64.2,166.9,208.9,72.6,62.3,100.2,116.1,351.2,214,125.9,119.5,245.4,2331.4,1311.9,138.2,244.7,158.6,541.5
1998-04-01,202.3,128.2,330.5,328.4,86.4,56,112.5,242.2,497.1,198.7,995.6,172.3,370.9,3345.4,803.3,46.5,86.8,936.6,109.1,168.1,139.1,93.8,416.2,122.2,67.6,189.9,245.8,61.7,67.1,101.8,117.7,348.2,218.9,127.1,108.8,235.8,2372.6,1308.3,133.1,231.2,145.9,510.2
1998-05-01,236.7,130.9,367.6,340.5,90.8,52.4,114.4,239.6,497.2,228.2,1006.6,167.1,395.4,3457.8,816.3,49.7,84.4,950.4,122.4,174.9,136.5,94.6,433.8,128.7,65.4,194.1,238.2,61.7,65.1,108.7,108.5,344,219.3,129.9,110.3,240.2,2400.6,1320.5,147.1,242.7,146.8,536.6
1998-06-01,203.8,123.2,327,279.1,89.4,54.2,114.5,230.5,488.6,207.1,962.9,169.2,376.3,3263,787.9,44.5,84.6,917,120.7,169.9,132.5,87.7,423.2,119.7,61,180.8,211,59,66.5,108,104.3,337.7,212.4,121.8,105.1,226.9,2296.6,1263,145.4,243.4,140.2,528.9
1998-07-01,211.7,136.1,347.8,364.2,85.9,60.6,124.8,240.5,511.9,226.8,1007.7,174.5,401.4,3476.1,843.3,52.7,95.5,991.5,130.4,182.8,133.6,87.1,446.8,132,66.5,198.5,254.5,67.1,71.7,111.2,116.7,366.7,216.7,133,115.4,248.4,2506.4,1311.6,162.6,240.8,135.8,539.2
1998-08-01,198,125.4,323.4,291.5,83.3,54.7,122,233.9,494,221.6,1003.3,160.7,382.3,3304.9,827.1,52.6,89.9,969.5,124.6,169,142.6,84.3,436.2,118.9,63.3,182.2,212.7,69.1,77.8,111.8,115.3,374,211.9,141.6,113.9,255.5,2430.1,1299.6,149.1,223.3,141.7,514.1
1998-09-01,206.1,138.6,344.7,324,87.9,56.3,131.9,242.7,518.8,228.9,999.1,159.5,388.4,3397.4,826.6,53.8,88.7,969.1,134.2,176.6,148.8,85.3,459.6,121.9,65,186.9,227.9,67.5,85.7,109.9,119,382,218.6,137.5,110.5,248,2473.6,1302.9,147.1,212.7,158.7,518.5
1998-10-01,226.9,140.6,367.5,345.4,80.3,61.7,143.4,227.3,512.7,262.5,1109.4,172.2,434.7,3617.3,897.8,51.6,94.5,1043.9,136.9,196.5,155.6,101.7,489.1,122.7,74.6,197.4,251.6,71.8,81.6,115.2,132.5,401.1,223.4,146.6,121.4,268,2651,1434.4,158.1,216.2,148.4,522.6
1998-11-01,211.5,145,356.5,393.1,85.7,67.2,137.4,243.9,534.2,266.7,1041.8,166.3,433,3603.4,864.2,60,84.8,1008.9,132.5,191.4,150.6,103.9,474.5,134.8,78.9,213.6,284.8,72.3,88.9,116.5,135.9,413.7,209.4,143.7,116.8,260.5,2656,1355.1,172.7,210.8,148,531.6
1998-12-01,333.9,199.1,533,691.3,102,107.4,170.6,337.8,717.8,279,1186.6,180,459,4670.5,987.1,93.8,109.9,1190.8,150.9,293.2,193.9,150.6,638,206.7,110,316.6,498.8,98.5,139.4,141.7,192.1,571.8,247.8,160.1,124.1,284.2,3500.1,1585,175.7,325.7,183,684.4
1999-01-01,199.8,141.6,341.4,338.7,80,60.4,142.9,211.2,494.4,287.9,1104.6,173.3,461.2,3574.8,918.8,56.7,84.6,1060.1,121.7,210.4,140.1,91.5,472.2,113.3,72.2,185.5,224.5,76.3,77.1,105,117.1,375.5,219.7,150.1,117.6,267.7,2585.5,1415.9,150.3,239.8,133.1,523.2
1999-02-01,167.4,111.9,279.3,252.2,83,49.4,135.8,197,465.2,270,1001,149.6,419.6,3163.1,828.9,54.1,80.7,963.8,117.8,183.4,126.8,84.4,428,107.5,61.5,169,185.9,67.6,67.5,106.1,111.6,352.8,206.9,139.1,109.4,248.6,2348.1,1292.3,126.6,207.5,120.5,454.6
1999-03-01,193.6,116.1,309.7,303,96.3,55.6,158.4,194.3,504.6,299.9,1108.9,164.8,464.7,3499.5,909.4,59.3,93.3,1062,137.1,189.1,137.4,96.6,463.5,135,78.4,213.4,233.5,74.2,74.5,131.3,131.3,411.4,218.4,161.8,121.4,283.3,2667.1,1423.9,149.4,212,132.2,493.6
1999-04-01,227.1,133.2,360.3,339.1,83.9,56.2,152.7,218.5,511.3,312.6,1043.4,158,470.6,3528.9,865.8,54.2,100.1,1020.2,128.5,203.9,132,92.1,464.4,144.5,76.5,221,236.6,71.1,73.8,123.8,125.6,394.4,226.4,170.1,115.5,285.6,2622.2,1361.8,140.4,219.4,126,485.8
1999-05-01,230.6,127.8,358.4,349,84.1,53.2,157.7,222.6,517.6,332.2,1060.1,160.8,493,3605.1,879.6,56.3,94,1029.9,143.5,212,124,92.1,479.5,142.1,76.1,218.2,253.5,73.3,70.3,129.4,116.2,389.2,217,182.5,116.6,299.1,2669.5,1369.2,159.4,217.4,141,517.8
1999-06-01,219.2,114.6,333.8,298.6,84,56.8,159.7,195,495.4,286.7,1029.5,157.3,444,3422.2,843.8,53.8,92.7,990.3,142.7,209.2,123.9,86.6,475.8,147.1,76.6,223.7,220.4,72.4,75.2,128,123.7,399.3,215.4,179.9,115.3,295.2,2604.7,1331.5,159,224.8,135,518.8
1999-07-01,227.3,123.5,350.8,367.8,91.8,59.6,165.2,215.2,531.8,238.5,1080.8,151.8,390.4,3583.1,909.8,56.7,102.4,1068.9,149.4,202.6,131.6,97.5,483.5,140,84.6,224.6,263.2,70,70,137.6,129.1,406.6,227.7,203.2,118.3,321.5,2768.4,1405.9,167.1,225.7,143.7,536.5
1999-08-01,224.6,122.1,346.7,309,89.4,58.9,162.2,222.7,533.2,247.4,1058.5,159.6,407.1,3521.7,880.7,56.3,98.5,1035.5,148.7,196.9,137.2,93.9,482.8,140.1,78,218.1,221.3,68.1,76,133.3,127.2,404.5,223.5,210.9,120.4,331.3,2693.5,1376,172.6,232.7,144.4,549.7
1999-09-01,232.9,125.8,358.7,342.7,89.3,64.4,166.7,232.6,553.1,256.1,1074.3,163.8,419.8,3661.6,890.8,60.6,97.1,1048.5,151.2,194.5,155.3,100.1,501,151.1,81.7,232.8,248.5,68.4,85.4,132.6,134.1,420.4,228.3,223.1,117.1,340.2,2791.3,1402.6,186.2,226.7,171.7,584.6
1999-10-01,246.9,128.6,375.5,361.2,82.2,60.4,168.1,236.7,547.4,258.7,1125.5,166.1,424.8,3780.5,931.8,65.7,98.2,1095.7,167.6,202.1,176.5,107.4,546.3,152.1,90.9,243,259.3,67,87,125.7,139.5,419.1,230.6,219.8,125.8,345.6,2908.9,1463.5,189.7,233,185.5,608.2
1999-11-01,261.3,138.2,399.5,418.6,87.3,66.9,174.5,252.2,580.9,262,1095.8,164.9,426.9,3848.4,914.7,69.1,95.9,1079.8,166.8,212.5,186.8,108.3,566.1,155.5,95.9,251.3,304.1,73.2,88.6,133.2,144.5,439.6,226,220.1,132.2,352.3,2993.3,1430.1,187.8,236.8,167.9,592.5
1999-12-01,396.3,195,591.3,733.3,108.2,102.4,217.2,364.6,792.4,312.4,1269.4,164.4,476.9,5057.4,1057.9,110,126.4,1294.3,178.7,320,228.3,159.8,727,231.9,125.2,357.1,528.1,100.2,141.7,161.1,204.4,607.4,284.5,251,141.2,392.1,3906,1713.6,200,349.3,200.7,750
2000-01-01,212.8,135.4,348.3,323.6,79.8,63.1,144.6,219.2,506.7,271.5,1130.1,156.2,427.7,3581.9,930,54.8,88.9,1073.7,135.7,211.7,167.2,96.8,514.6,136.1,84.9,221,228,62,84.3,108.6,114.7,369.6,185.8,202.6,128.5,331.1,2738,1412.7,175.9,217.3,169.7,562.9
2000-02-01,172.9,117.1,290,276.6,84.8,56.2,144.3,215.2,500.5,259.4,1072.7,142.6,402,3381.7,886,56.7,88.2,1031,110.6,199.8,151.8,94.9,462.2,121.2,67.7,188.9,195.9,55.9,72.7,113.1,109.7,351.3,183.1,189.6,106,295.7,2524.9,1350.8,177.1,221.5,163.2,561.7
2000-03-01,215.3,124.6,339.9,315.1,90.8,60.6,161.6,221,533.9,282.5,1145.4,155.2,437.8,3638.8,950.5,60.6,98.4,1109.5,137.5,201.7,151.5,97.5,490.7,142.7,79.2,221.8,224.2,64,74,123.1,120.2,381.3,186.9,223,114.2,337.2,2764.8,1429.8,189.5,225.1,167.6,582.3
2000-04-01,218.5,119.5,338,351.1,81.2,59.4,152.9,212.6,506.1,277.6,1099.2,161,438.5,3538.7,904,56.5,85.2,1045.7,126.2,171,152.9,101,450.1,148.6,79.4,228,260.6,52.7,70.8,122.6,116,362.1,176.9,182.7,100.9,283.7,2630.3,1377,173.7,205.4,148.7,527.9
2000-05-01,241.7,135.1,376.8,372,96.3,62,167.7,228.6,554.7,277.9,1099.9,157.3,435.3,3712.8,921.2,54.5,86.7,1062.4,139.1,218.6,145,97.7,502.7,165.4,85.2,250.7,265.3,55.3,73.7,128.4,121.9,379.4,172.2,207.7,101.2,308.9,2769.4,1369.8,192,250.8,161.4,604.2
2000-06-01,269,145.2,414.1,408.6,84.2,69.2,171.8,239.4,564.6,270,1090.3,163.3,433.3,3928.5,910.9,62.8,85.3,1059.1,177.2,251.6,163.1,106.2,591.9,183.4,94.6,278,298.6,55.5,82,131.4,125.4,394.4,176.8,207.7,98.6,306.3,2928.3,1373.3,244.1,301.9,188.5,734.5
2000-07-01,197.5,110.9,308.4,294.7,105.6,57.3,150.3,201,514.2,289,1108.6,192.1,481,3528.6,930.4,57.6,95.6,1083.7,125,199.2,125.9,96.9,450,110.9,64.6,175.5,206.1,55.4,67.2,140.7,104.3,367.7,169.9,194.3,107,301.3,2584.4,1375.4,166,230.6,158.3,554.9
2000-08-01,207,113.9,321,353.9,99.2,61.8,168.3,211.4,540.7,289.4,1154.3,191.6,481,3736.8,949,62.1,98.3,1109.3,138.2,208.4,139.3,105.7,485.9,120.1,70.8,190.9,240.2,57.5,74.9,148,113.1,393.4,171.9,202.5,105.1,307.6,2727.3,1431.9,187,246.7,174.5,608.2
2000-09-01,279.8,136,415.9,381,91.6,68.1,163.8,241.1,564.7,389.4,1146.6,204.1,593.5,3991.7,928.9,60.6,99.4,1088.9,142.3,199.4,148.2,113.8,489.9,121.5,73.2,194.7,251.1,59,78.7,144.9,113.8,396.4,169.3,192.4,104.5,296.9,2717.8,1429.7,177.8,236.1,193.2,607.1
2000-10-01,227.3,141.7,369,374.7,93.4,64.2,158.7,253.9,570.2,339.8,1179.7,220.4,560.1,3955.3,958.1,67.3,91.3,1116.7,158,201.2,155.7,113.3,514.9,121.5,88,209.5,270.2,57.6,74.9,150.3,136.7,419.5,153.4,207.5,118.7,326.2,2857.1,1446.4,185.9,254.4,194.5,634.8
2000-11-01,232.5,141.1,373.5,431,100.5,71.1,165.5,261.2,598.3,320.9,1176.8,196.4,517.3,4034.9,988.1,75.7,90.6,1154.4,164.6,229.9,168.8,117.3,563.3,147.6,98.6,246.1,310.5,62.9,82.9,152.5,150.8,449.1,150.9,200.3,124.5,324.8,3048.3,1445,189,271.1,209.7,669.8
2000-12-01,363.5,200.5,564,774.2,111.8,110.4,208.8,362.6,793.7,354.4,1347.3,218.7,573.2,5266.6,1127.9,114.9,115,1357.7,183.3,317.8,224.2,175.9,725.3,219.9,145.2,365.1,553.9,86,135,179.9,228.7,629.6,174.9,225.5,134.4,359.9,3991.5,1698.2,209.2,388,266.3,863.4
2001-01-01,208.3,138.3,346.5,340.1,96.7,69.7,152,244.9,563.3,343.4,1200.8,214,557.4,3932.9,994.3,65.3,94.3,1153.9,160.8,208.8,162.4,122.6,532.1,124.5,88.4,212.9,245,67.6,80.8,132.1,126.7,407.2,151,200.6,135.7,336.3,2887.5,1474.4,166.7,274.9,209.6,651.2
2001-02-01,170,118.9,288.9,279,102.3,61.6,142.1,236.1,542.1,307.6,1123.9,193.8,501.4,3569.5,938.6,62,89.2,1089.7,149.1,197,141.1,106.4,487.1,108.3,81.1,189.4,206.8,59.3,64.7,133.2,127.4,384.7,142.9,191.3,120.4,311.7,2669.4,1373.2,148.5,251.1,185.2,584.8
2001-03-01,218.2,130.8,349,346.6,110.4,67.2,155.9,249.7,583.3,350.9,1241.5,218.2,569.1,3999,1036.9,70.1,101.3,1208.3,167.3,205.2,155,119.6,527.5,137.5,92.5,230,268.1,65.6,71.4,145.1,136.2,418.2,157.5,223,135.4,358.4,3010.5,1518.6,168.5,261.7,202.2,632.4
2001-04-01,248.1,136.5,384.7,360.5,88.3,63.7,153.8,263.4,569.1,316.7,1208.6,185.2,501.9,3918.2,962.3,67,106.7,1135.9,156,208.4,148.6,111.7,513,142.5,78.8,221.3,265.8,58.9,69.5,165.7,112.2,406.3,179.2,230.3,136.7,367,2909.4,1499.6,171.9,230.5,200,602.4
2001-05-01,274.9,141.9,416.8,403.2,91.9,59.7,166.5,268.1,586.2,335.2,1246.4,177.7,512.9,4087.5,987.5,69.6,95.4,1152.5,168.3,238.5,150.5,112.1,557.4,144.6,84.2,228.7,275.8,65.1,76.8,186,123.6,451.4,172.6,225.6,128.8,354.4,3020.2,1531.1,179.4,257.5,200.3,637.3
2001-06-01,243.3,130.2,373.5,342.1,92.2,60.4,161.1,248.9,562.6,296.4,1211.1,183.3,479.8,3904.2,951.9,65.9,95.6,1113.4,176.4,267.9,152.2,107,596.4,137.6,81.6,219.3,262.7,64.1,82.7,177.1,118.7,442.6,173,221.1,126.4,347.5,2981.8,1491.1,188,266.9,200.3,655.1
2001-07-01,231.7,135.4,367.1,388.5,97,64.2,175.9,253.3,590.3,316.5,1220.1,188.6,505.2,4016.7,985.1,62.5,90.1,1137.8,187.7,256.1,154,102.6,597.8,129.3,91.6,220.8,275.8,67.6,77.4,177.1,137,459.3,188.3,242.3,129,371.3,3062.8,1511,184.1,276.9,193.6,654.6
2001-08-01,215.5,133.5,349,334.4,101.2,61.8,183.9,266,613,315.5,1274,187.6,503,4030,1031.5,62.8,94.2,1188.5,183.3,256,167.7,106.5,607.1,122.5,90,212.5,232.8,71.7,75.7,180.5,141.6,469.5,191.7,259.8,131.7,391.5,3101.9,1572.2,175.2,271.8,211.4,658.4
2001-09-01,234,135.6,369.5,355.4,88.4,62.9,169.1,262.2,582.6,307.5,1249.7,188.1,495.6,3984.9,989.2,64.1,90.5,1143.8,172.6,255.3,172.4,109.3,600.3,123,92.4,215.4,251.4,66.5,74.8,165.1,141.9,448.2,189.3,218.9,130.3,349.1,3008.3,1548.3,172.2,243.1,218.2,633.4
2001-10-01,249.2,150.2,399.4,398.4,94.7,60.8,174.4,291.6,621.6,306,1300.1,204.5,510.5,4242.6,1038.4,71.1,99.3,1208.9,193.6,272.8,208.7,121.5,675.1,135.1,106.6,241.7,280.6,76.9,76.1,168,158,479,218.8,229.2,132.7,361.9,3247.2,1640.4,181.3,254.8,236.3,672.4
2001-11-01,256.4,160.4,416.9,468.1,99.4,72.8,179.6,316.8,668.6,301.6,1313.9,190.6,492.3,4417.4,1058.9,77,106.4,1242.3,189.1,295.7,203.8,131.2,688.6,142.5,109.9,252.4,329.1,76.1,89.5,170.6,173.1,509.3,218.1,232.4,133.7,366.2,3387.9,1663.2,185.5,292.2,230.6,708.4
2001-12-01,381.7,227.4,609.2,805.6,116.8,110.5,210.4,445,882.9,321.8,1433.8,218.9,540.7,5609.6,1148.6,119.1,131,1398.8,214.1,388.9,255.7,191.9,858.7,210.3,154.6,365,573.7,92.6,142.9,200,258.5,694,243,266.8,142.2,409.1,4299.2,1868.8,197.2,414.3,291,902.5
2002-01-01,258.3,151.1,409.4,357.6,94.9,64.3,158.9,268.6,586.7,266,1353.9,229.4,495.4,4244.3,1060.3,68.7,107.3,1236.2,202.8,257.3,202.2,124.8,662.2,130.5,103.9,234.4,252.7,75.8,87.9,146.7,160.6,471,230.5,238.1,147.1,385.2,3241.8,1709.3,176.3,289.7,219.9,685.9
2002-02-01,214.2,129.1,343.3,297.1,95,54.2,154.9,248.4,552.5,251.1,1215.4,182.1,433.2,3747,965.6,60.9,98.2,1124.6,175.4,228,177.8,111.6,581.2,114.2,92.3,206.5,208,71,70,136.1,152.6,429.7,210.4,227.1,128.9,356,2906,1537.5,152.2,234.5,196.6,583.3
2002-03-01,246.6,138.5,385.1,358.7,106.7,62.2,165.2,272.4,606.5,264,1350.8,207.3,471.3,4153.2,1082,70.4,110.3,1262.7,179.8,259.3,193.9,125.5,633,140.2,98.9,239.1,267.5,73.3,85.8,145.3,161.8,466.2,216,257.9,141.3,399.2,3267.7,1692.4,167.2,253.3,218.7,639.2
2002-04-01,237.1,139.9,376.9,372.6,102.8,60.2,184,261.5,608.5,270.3,1272.7,205.4,475.7,4098.6,1000,60.1,105.1,1165.3,205.4,254.8,189.4,113.2,649.6,165.2,108,273.2,279.2,75,73.5,152.2,162.3,463,212.6,230.8,141.9,372.7,3202.9,1598.5,185.5,264.1,216.8,666.4
2002-05-01,266.2,153.7,419.9,430.6,105,64.4,190.1,283.1,642.5,283.9,1337.3,198,482,4362.7,1064.4,63.6,112.3,1240.3,199.9,288.6,181.9,115.5,670.4,168.8,114.8,283.6,294.2,81.5,82.5,166.8,176.3,507.1,226.1,228.7,140.1,368.8,3364.3,1678.8,190.7,312.6,205.5,708.9
2002-06-01,225.5,136.4,361.9,389.2,96.9,63.4,173.6,254.4,588.4,265,1257.2,194.9,459.9,4076.9,997.9,58.6,103.8,1160.3,200.5,305.4,178,110.2,683.9,152.9,100.5,253.3,301.1,72.4,82,155.6,151.1,461.2,213.6,218,137.6,355.6,3215.4,1581,187.6,310.7,198.2,696.6
2002-07-01,230.7,138.1,368.8,369.4,99.7,68.6,198.9,265.3,632.5,271.8,1266.6,209.4,481.2,4264.8,1061,66.6,93.3,1220.9,194.6,296.1,162.8,123.6,653.5,149.3,108.6,257.9,266.5,84.4,86.8,162.6,163.5,497.3,272.8,255.7,158.8,414.5,3310.6,1663,223.2,292.7,233.9,749.8
2002-08-01,230.1,142.6,372.7,375.5,111.7,71.1,198.6,284.9,666.3,283.2,1324.9,202.9,486.1,4376.7,1101.1,70.3,92.4,1263.9,190.2,279.7,181.7,122.6,651.7,147.4,110.7,258.2,252,89,90.3,170.5,171.3,521.2,268.3,257.1,152.9,410,3356.9,1715.8,217.5,296.6,246.2,760.3
2002-09-01,237.8,149.2,387,372.9,95.4,67.2,193,291.2,646.7,270,1262,200.6,470.6,4285.1,1047.3,69.9,94.3,1211.5,190.1,259.5,181.7,124.9,631.4,152.3,110.4,262.8,252.6,79.7,81.8,172.6,166.8,500.9,272.3,237.4,155.1,392.5,3251.6,1659.2,214.6,274.2,259.8,748.6
2002-10-01,262.7,155.9,418.5,426.3,85.5,71.4,188,299.7,644.7,265.2,1375.9,218.5,483.7,4534.9,1131.7,74,104.8,1310.5,203.5,282.3,194.3,143.4,680.1,164.6,122.2,286.8,290.8,81.8,85.3,159.3,192.3,518.7,251,227.2,150.3,377.5,3464.4,1770.3,218.7,295.2,277.3,791.2
2002-11-01,279.7,168.9,448.6,517.1,90.2,85.3,196.6,332,704.2,265,1369.5,204,469,4753.7,1149.3,80.6,102.6,1332.4,207.4,299.7,204.9,154.5,712,175.9,128.6,304.5,370.3,77.1,100.7,160.5,204.6,542.9,249.8,239.7,153.5,393.1,3655.2,1773.8,224.3,322.4,294.3,841
2002-12-01,400.1,233.2,633.3,814.6,110.2,126.2,237.3,454.8,928.5,292.8,1484,229.8,522.6,5901.4,1225.5,120.1,120.5,1466,237.2,428,239.8,199,905,237.1,173,410.1,590,108.4,170.1,190,306.1,774.6,289.3,280.9,160.3,441.2,4586.9,1972.3,240.7,447.3,341.9,1030
2003-01-01,247.4,149.4,396.8,377.2,88.6,71.1,182.3,271.8,613.9,272.7,1420.9,226,498.7,4452.1,1177.7,75.5,97.9,1351,190.9,274.3,192.1,142.6,657.2,136.9,103.3,240.2,269.5,73.9,92.6,164.4,167.8,498.7,241.6,286.1,160.3,446.4,3463.1,1805.1,199.3,314.1,247,760.4
2003-02-01,196.6,131.3,327.9,307.8,86.8,59.2,177.1,261.3,584.4,249.8,1286.8,181.8,431.7,3961.9,1062.9,68.8,88.3,1220,169,245.9,171.5,124.6,586.4,127.3,99.1,226.3,224.3,69.2,74.9,150.9,170.9,465.9,220.6,239.3,139.1,378.4,3101.2,1632.1,185.7,263.1,229.3,678.1
2003-03-01,238.5,137.3,375.8,373,96.6,62.8,191.7,266.7,617.8,277.9,1400.3,201.9,479.8,4349.9,1149.7,72.7,95.5,1317.9,196,258.4,189.7,134.6,644.2,162.1,112.9,275,278.3,68.7,81.5,167,182.8,499.9,235.7,267.3,151.2,418.4,3433.7,1770.6,202.7,279.9,250.3,733
2003-04-01,258.1,145.6,403.7,427.1,86.4,63.3,199.4,275.8,624.9,270.9,1355.7,227.6,498.6,4379,1119.3,75.2,96.5,1291.1,209.4,246.6,175,135.6,631,178.4,108.5,286.9,303.5,62.3,93.7,154.9,168.9,479.8,216.9,254.3,152,406.2,3398.4,1708.1,208.8,266.1,241.6,716.5
2003-05-01,263.2,152.5,415.7,424.9,90.8,64.6,216,287.3,658.7,285.2,1399.6,230.6,515.8,4529.7,1158.3,74.1,98.7,1331.1,220.3,278.9,179.4,133.6,678.7,182.1,115.9,298,311.5,67.1,93.5,169.4,185.8,515.7,212.1,272.5,153.7,426.2,3561.2,1745.4,221.2,301,247,769.2
2003-06-01,248.9,146.4,395.4,418.5,87.2,69.4,207.1,277.5,641.1,254.9,1286,219.4,474.2,4334.4,1057.4,73,95,1225.4,229.1,294.2,166.1,133.8,689.4,166.8,111.1,277.9,319.8,62.1,89.7,155.3,173.3,480.3,203.5,247.8,151.3,399.1,3391.9,1623.3,223,300.3,258.7,781.9
2003-07-01,235.4,151,386.4,397.4,105.4,73.1,217.6,285.4,681.6,268.5,1376.2,234.4,502.9,4504,1138,77.4,104.6,1320,218.9,297.3,181,130,697.1,157.4,116.9,274.3,288.6,66,87.4,192.9,201.3,547.6,232.7,288.3,160.7,449,3576.5,1738.9,228.3,297.2,271.3,796.9
2003-08-01,231.3,148.5,379.8,375.8,110.4,71.4,208.9,297.1,687.8,298.5,1383,237.9,536.4,4526.3,1140.7,76.3,106.3,1323.3,205.7,269.9,192.9,131.7,668.5,152.7,115.5,268.2,269.4,65.2,89.2,201,199.2,554.6,228.2,289,148.6,437.6,3521.5,1742.9,223.1,289.3,291.1,803.6
2003-09-01,248.1,161.1,409.2,421.5,108.9,72.1,211.5,314.4,706.8,296,1359.6,233.2,529.3,4613.6,1106.6,78.2,109.4,1294.3,219.2,266.2,201,138.8,686.4,157.3,117.2,274.5,283.5,64.3,87.8,202.5,201.9,556.5,223.8,285.2,149.7,434.9,3530.1,1722.3,229.5,282.4,312.7,824.5
2003-10-01,268.6,168.3,436.9,450.5,101.7,79,245.2,323,748.9,321.8,1461.5,254.5,576.4,4946.6,1189.4,80.8,111.7,1381.9,227.7,275.8,224.4,150,728,178.7,136.5,315.2,323.2,67.7,98.7,234.5,236.1,637,240.7,330.5,149.3,479.9,3865.1,1852.3,237.1,320,324.6,881.7
2003-11-01,283.9,180.9,464.8,526.5,109.5,88.7,240.4,346.5,785.1,324.6,1435.1,241.3,565.9,5062.9,1174.9,87.8,108.2,1370.9,227,272.1,234.2,160.2,733.3,188.1,136.8,324.9,377.2,69.1,108.9,239.3,237.7,655,242.7,326.5,147.3,473.8,3935.1,1838,241.2,326.3,315.2,882.7
2003-12-01,415.9,240.5,656.5,843.2,136.1,130.8,286.6,456,1009.5,366.1,1595.3,272.4,638.4,6316.2,1301.2,135.6,125.9,1562.7,253.5,413.4,275.2,220.5,942,261.6,192.8,454.4,610.3,98.3,178.7,288.5,351.3,916.9,263.7,372.8,157.1,529.9,5016.2,2079.5,258.3,470.1,360.8,1089.1
2004-01-01,271.5,153.4,424.9,408.4,92.3,78,218.2,268.5,656.9,318.3,1533.8,265.9,584.2,4791.1,1244.3,85.7,122,1452,222.6,287.4,221.3,143,731.3,163.8,116,279.8,281.4,68.3,106.1,200.6,192.7,567.7,231.3,328.7,149.4,478.1,3790.2,1908.2,204.4,345.1,258.9,808.4
2004-02-01,220.4,132.5,352.8,338.5,91.9,70.1,213.5,256.8,632.3,314.8,1413.3,230.3,545.1,4353.8,1158.3,81.5,114.6,1354.4,202.2,275.6,199.2,128.7,676.9,155.7,111.1,266.8,244.9,69.2,87.1,192.9,206.2,555.3,215.4,317.1,139.9,457,3555.3,1757.4,189.7,291.5,246.5,727.7
2004-03-01,241.9,143,384.9,384.5,109.2,76.3,240.5,270.7,696.7,342.2,1472.1,242.6,584.8,4678.1,1217.2,87.3,117.3,1421.8,220.6,285.1,214.7,140.8,720.4,171.2,124.3,295.5,284,75.3,97,215.3,222.8,610.4,228.6,351.4,147.8,499.3,3831.3,1841.5,212.2,312.7,260.9,785.8
2004-04-01,260.8,137,397.9,433.9,93.8,67,232.3,250.9,643.9,353.7,1469.1,267,620.8,4673.5,1185.5,83.5,126.4,1395.4,192.5,264.9,201.4,141.5,658.8,197.8,115.6,313.4,324.8,69.6,90.2,199.8,196.9,556.4,234.5,315.5,156.2,471.8,3720.6,1845.1,196.2,286.8,249,732
2004-05-01,290.1,150.9,441,445.4,100.6,67.6,247.9,266.4,682.5,328.8,1475.3,264.1,592.9,4772,1176.9,81.2,121.1,1379.2,196.1,270.9,197.5,133,664.6,204.3,119.3,323.7,313.9,68.7,83.4,209.5,200,561.6,221.4,317.7,150.8,468.5,3711.5,1829.8,217.8,306.1,256.5,780.4
2004-06-01,279.6,145.3,424.9,471.8,95.4,72.5,237.9,255.2,661,296.1,1412.5,255.1,551.2,4677,1141.2,78.5,120.9,1340.5,205.4,291.9,191.2,133.4,688.5,193.9,116.9,310.8,345.2,66.7,91.2,211.4,198.4,567.7,218.5,294.5,143.6,438.1,3690.8,1764.4,214.5,331.7,257.4,803.6
2004-07-01,250.6,149.7,400.3,441.2,103.1,78.6,241.7,261,684.4,314.5,1508.5,274.4,588.9,4831.4,1192.3,79.2,119.5,1391,212.5,279.8,198.4,138.4,690.7,191.3,125,316.2,317.7,71.3,97,224,207.9,600.2,224.6,305.3,163.1,468.4,3784.3,1871.5,222.8,346.8,275.4,845.1
2004-08-01,234.9,146.4,381.3,400.2,101,72.3,243,263.9,680.2,313.7,1476.3,259.2,572.9,4679.7,1156.2,79.3,116.7,1352.2,218.7,281.6,213.6,135.9,713.8,182.7,126.7,309.5,279.2,72.2,94,226.1,209,601.3,228.2,305.9,162.5,468.4,3724.4,1840.4,209.2,325.7,269.8,804.7
2004-09-01,264.3,155.6,419.9,453.5,99.3,73.8,245.2,276.3,694.6,328.7,1490.9,265.7,594.5,4841.5,1168,80.3,118.7,1367,213.5,271.1,227.9,142,712.5,186.5,123.3,309.7,310.9,74.4,96.7,232.8,214.6,618.5,226.1,320.3,170.6,490.9,3809.5,1858.9,220,320.2,279.8,820
2004-10-01,274.1,163.9,438.1,462.7,97,79.1,234.2,291.2,701.5,323.5,1542.3,273.9,597.3,5021,1226,90.4,132,1448.4,235.7,289.7,269.2,148.2,794.6,190.2,138.1,328.3,327.7,72.5,97.9,246.5,226.6,643.5,236.4,312.8,161.1,473.9,4016.3,1926.9,230.4,356.7,307.3,894.4
2004-11-01,284.9,168.7,453.5,535.5,102.6,83.9,231,304.8,722.3,320.6,1513.4,254.3,574.9,5144.6,1212,91.3,130.2,1433.5,241.6,305,259.3,153.7,805.9,192.5,137.7,330.1,368.8,74.2,100.1,253.5,235.2,663,248.1,305.5,157.5,463,4064.3,1915.2,237.5,381.9,323.9,943.3
2004-12-01,426.2,229.4,655.6,860.9,142.2,125.1,268.1,427,962.4,367.6,1717.9,280.5,648.1,6517.2,1385.4,144.9,154,1684.3,254.1,437,312.8,226.9,1003.9,262.5,210.9,473.3,623.8,103.2,160.3,312.9,359.4,935.8,296.5,342.7,167,509.6,5230.8,2241.3,259.4,528.4,361.1,1148.9
2005-01-01,280,165.8,445.8,424.7,103.2,77.7,185.8,279.4,646,314.4,1535.2,260.6,575,4887.2,1207.2,76.4,131.7,1415.3,225.9,285.3,237.7,145.7,748.8,164.5,126.7,291.1,299.8,70.9,92.7,199.2,191.5,554.3,239.3,269.8,162.2,432,3741.3,1920.2,228.3,365.5,281.8,875.5
2005-02-01,215.5,136.7,352.2,350.4,99.6,64.4,187,255.7,606.7,284.7,1416.9,233.7,518.4,4377.8,1122,75.7,125.7,1323.4,212.6,255.7,209.3,139.3,677.6,151.3,122.6,273.9,260.1,63.1,87,205.7,192.5,548.3,225.1,257.1,151,408.1,3491.4,1781.3,199.7,318.5,250.6,768.8
2005-03-01,272.8,147.6,420.4,448.4,101.7,71,204.5,268.3,645.5,292.4,1555.3,249,541.4,4825,1243.4,87.5,143.6,1474.4,218.6,267,231.6,155.9,717.1,179,127.4,306.3,320.1,64.7,100,230.6,199.7,595,247.7,274.6,162.1,436.7,3849.7,1958.9,200.5,335.7,274.1,810.3
2005-04-01,263,141.5,404.5,386.5,94.6,70.7,199.5,260.6,625.4,315,1481.8,252.6,567.6,4674.5,1200.1,86.9,143.2,1430.2,232.2,286.1,219.1,149.3,737.4,177.3,130.8,308,286,65.6,99.2,220.2,192.4,577.5,244.5,267.9,171.5,439.4,3778.5,1875.7,204.3,340.3,270.3,814.9
2005-05-01,296.8,145.8,442.6,430.9,96.4,70,202.3,260.1,628.9,304.5,1473,249,553.5,4765.7,1209,82.8,119.6,1411.3,243.3,312,223.3,143.1,778.6,200.7,143.8,344.5,317.8,68.1,96.3,240.5,207.8,612.8,242.9,260.6,170.4,430.9,3896,1859,215.8,366.7,268.2,850.8
2005-06-01,292.6,144.1,436.7,491.3,93.1,74.8,204.4,254.4,626.6,297,1452,251.1,548.1,4803.5,1171.4,82.6,116.4,1370.4,249.4,328.9,221.3,142.8,799.7,193.7,134,327.7,358.4,67.2,103.4,228.2,194.9,593.6,238.6,262.5,164.7,427.2,3877,1833.4,227,376.5,264,867.5
2005-07-01,261.4,140.5,401.9,426.1,99,73.4,196.9,249.9,619.2,293.7,1546.2,282.5,576.3,4821.7,1222.6,92.1,120.6,1435.3,237,308.7,197.3,144.4,743,175.8,133.6,309.4,318.4,72.4,92.8,221.4,201.2,587.9,245.9,269.4,181.7,451.1,3845,1936.5,232.9,362,266.9,861.8
2005-08-01,252.1,144.3,396.4,407.8,96.1,72.3,198.7,262.4,629.5,278.6,1553.4,262.6,541.2,4806.6,1214,94.9,123.4,1432.3,231.1,313.2,199.7,150.3,744,176.4,131.4,307.8,289,75.3,95.1,228.3,206.7,605.4,251.9,268,180.7,448.6,3827.1,1955.6,223.5,353.9,298.6,876.1
2005-09-01,276.5,152.3,428.8,435.8,94,73.9,188.7,269.9,626.5,306.1,1545.8,267.6,573.6,4896.1,1215.2,94.7,129.2,1439.1,225.9,312,210.2,157.6,748.1,197.4,130,327.4,305.5,74.2,94.3,227,200.2,595.7,246.8,263.8,178.1,441.9,3857.6,1950.3,225.3,352.7,303.1,881.1
2005-10-01,287,158.2,445.2,444.7,91.9,73.7,192.2,277.8,635.5,333.3,1593.8,299.8,633.1,5093.9,1268.4,85.9,134.7,1489,238,295.8,232.5,177.8,766.4,192.1,145,337.1,316.3,72.8,95.8,230.5,214.7,613.8,267.2,287.7,186.7,474.4,3997,2038.8,218.6,348.6,329.4,896.6
2005-11-01,301.8,162.5,464.3,525.1,96,80.4,200.3,303,679.7,335.9,1558.3,293.3,629.2,5277.6,1259.3,95.3,132.8,1487.4,234.2,328.2,238.6,194.7,801,189.8,148.3,338.1,364.1,78.4,107,242.8,229.5,657.7,271.7,292.2,182,474.2,4122.5,2024.6,227.6,381.5,345.6,954.7
2005-12-01,422.8,219.3,642,854.4,127.3,126.4,250.2,417.3,921.2,362.8,1776.1,323.5,686.3,6687.5,1443.6,139.7,163.6,1746.9,255.4,468.1,277.9,279.9,1001.5,262,203.5,465.5,617.2,108.7,173.1,300.1,337,918.8,316,309.1,197.5,506.6,5256.5,2372,247.8,568.4,395.2,1211.4
2006-01-01,275.7,155.1,430.8,401.4,86.7,79.3,172.6,265.8,604.3,325.6,1585.2,292.6,618.2,4979.4,1282.7,91,129.6,1503.3,228.9,313.8,209.8,171.9,752.5,166.9,131.8,298.7,284.3,74.5,97.3,228.9,185,585.6,287,294.8,173.3,468.2,3892.5,2044,208.2,384.6,288,880.8
2006-02-01,215.7,131,346.7,341.3,85.8,62.8,169.7,248.7,567,315.7,1480.1,252.6,568.4,4496.9,1187.4,84.5,131,1402.8,218.4,264.4,186.3,157.6,669.2,152.6,121.3,273.8,249.7,65.9,81,220.8,189.8,557.5,265.7,274.3,159,433.3,3586.4,1903.4,181.9,311,277.3,770.1
2006-03-01,253.6,148.2,401.9,394.1,93.9,71.3,188.9,273.1,627.3,356,1635.1,277.8,633.8,5003.8,1321.2,96.8,144.1,1562.1,242.3,289.6,208.6,174.7,740.5,181.7,138.8,320.6,292.9,68.6,94.7,254.8,205.9,624.1,291.5,324.4,179.4,503.8,4044,2101.4,202.4,340.1,302.8,845.4
2006-04-01,279.2,145.5,424.7,451.2,81.1,72.8,196.8,261,611.7,356.1,1582.7,273.5,629.6,4953,1285.3,95.4,143.4,1524,229.9,285.6,186.4,172.2,702,188.1,132.8,320.8,338.3,66.2,93.9,240.9,202.7,603.7,268.2,315.6,186.2,501.8,3990.6,2023.1,203.3,321,288.5,812.8
2006-05-01,298,150.1,448.1,422.6,94.5,72.8,212.7,266.3,646.4,369.9,1572.3,271.2,641.1,5036.8,1285,89.9,147,1521.9,243.2,321.7,185,173,749.8,190.5,141.2,331.7,304.2,69.3,91.7,255.7,215,631.8,261.7,339.6,182.8,522.5,4061.8,2007,216.6,364.8,290.4,871.7
2006-06-01,286.8,147.2,434,478.3,93.8,74.8,205.4,260.4,634.4,362.2,1557.4,266.9,629.1,5044.5,1272,92.2,138.2,1502.4,256,338.4,184.4,164.7,778.9,187.4,147.3,334.7,345.4,67.8,98.3,247.2,223.2,636.5,253.6,310.6,184.8,495.4,4093.4,1975.7,218.6,399.1,275.4,893.1
2006-07-01,264.7,147.3,412.1,459.8,95.3,72.5,220,268.3,656.2,368.1,1591.7,295.8,664,5081.7,1288.4,92.2,124.3,1504.9,262.5,327.1,185,171.1,774.6,176.7,139.6,316.3,340,65.8,88.7,228.3,207.9,590.7,264.8,324.1,183.1,507.1,4033.6,2027.6,225.1,374.5,262.4,861.9
2006-08-01,265.1,146.7,411.9,403.6,99.2,73.9,225.6,275.9,674.6,367.2,1636,289.6,656.8,5081.5,1321.1,96.9,127.8,1545.8,269.1,316.3,200.1,173.6,785.5,180.6,144.3,324.9,291.2,67.2,93.3,251.6,231.3,643.4,273.6,329.6,191,520.6,4111.5,2083.2,220.6,357.9,272.9,851.4
2006-09-01,295.8,154,449.8,408,92.1,76.4,220.3,278.2,667,377.1,1614.7,284.8,661.9,5118.6,1295.8,98.5,127.6,1522,265.5,320.5,205.3,181.7,791.3,189.7,144.6,334.3,281.2,65,94.5,234,223.6,617.1,269.1,324.9,188.5,513.5,4059.4,2065.5,224,362.7,279.7,866.4
2006-10-01,317.5,158,475.5,444.7,91.5,87.6,214.3,284.1,677.6,408.4,1677,273.7,682.1,5352.2,1390.2,94.3,145.1,1629.6,278.5,326.8,227.8,189.3,833,209.9,170.8,380.7,318.2,70.6,97.2,268.7,238.2,674.6,289.6,316.9,187.5,504.3,4340.5,2155.9,234.1,383.1,299.3,916.5
2006-11-01,326.7,159.5,486.2,532.3,97.5,94.4,226.5,299.2,717.7,416.2,1683.8,274.1,690.3,5573.7,1381.9,98.6,146.6,1627.2,278.4,350.9,223.8,206.5,853.1,213.9,161.7,375.6,387.3,76,109.3,281.3,261.8,728.5,289.6,342.5,186.1,528.6,4500.3,2179.8,236.3,417.8,313.3,967.3
2006-12-01,456.7,234.5,691.1,858.6,119.4,152.3,263.8,429.1,964.6,474.1,1873,295.6,769.7,7014.5,1542.5,159.9,171.5,1873.8,295.8,506.1,259,296.5,1061,286.4,212.9,499.3,638.9,107.7,185.8,323.7,350.7,967.9,341.9,386.3,198.5,584.8,5625.7,2511.5,258.9,618.5,341.6,1219
2007-01-01,302.1,150.5,452.6,414.8,87.1,91.9,191.2,266,636.1,408,1684.4,279.5,687.5,5293,1386.3,94,151.5,1631.8,269.6,327.6,221.7,191.2,818.9,191.5,133.9,325.4,300.5,74.3,102.1,228.9,202,607.4,304.6,332.9,191,523.9,4208,2180.3,222.4,412.8,286.4,921.6
2007-02-01,243.8,130.4,374.2,341.5,79.7,79.9,175.3,251.1,585.9,396.3,1557.4,245.4,641.7,4791.5,1284.8,93,145.5,1523.3,232.5,286.9,204,179.7,723.4,178.4,121.4,299.9,247.7,71.9,90.9,222.3,193.1,578.3,288.8,298.1,183.1,481.2,3853.8,2025.8,195.6,358.3,268.4,822.2
2007-03-01,295.2,144.5,439.8,434.4,95.4,91.3,199.6,269.9,656.2,441.4,1740.8,275.6,717,5408,1414.6,102.7,153.8,1671,247.3,327.6,212.4,194.9,787.4,219.9,138.6,358.6,325.5,78.2,108.8,251.7,206.6,645.4,311.3,340.5,204.6,545.1,4332.8,2247,216.5,410.5,286.6,913.6
2007-04-01,299.8,145.8,445.6,433.7,79.4,80.6,198.8,261.7,620.6,424.2,1649.9,272.4,696.6,5187.5,1343.1,90.5,168.4,1601.9,230.1,301.6,208.7,191.4,740.4,222,130.1,352,317.8,68.9,99.9,229.6,190.5,589,307.1,322.4,208.6,531.1,4132.2,2148.4,218,364.7,260,842.7
2007-05-01,311.2,154.8,466,447.4,80.7,82.3,212.2,273.7,648.8,416.1,1678,272.5,688.6,5316.4,1361.2,88.6,165.2,1615.1,248.1,333.6,208.1,183.3,789.9,227.6,141.7,369.3,329.2,72.4,97.7,247.6,208.3,625.9,304,309.9,200.4,510.3,4239.7,2165.3,234.8,392.5,273,900.3
2007-06-01,332.7,148.6,481.4,493.2,78.3,88.5,209.3,254.8,631,418.5,1642,276.2,694.7,5321.7,1326.2,87.5,167.5,1581.2,264.5,360.8,203.7,173.5,828.9,226.7,136.1,362.8,353.5,70.2,102.4,239.2,195.5,607.3,279.5,296.4,193.7,490.1,4223.8,2094.9,238.3,439.7,248.5,926.5
2007-07-01,303.3,153.4,456.6,476,89.7,87.7,227.8,275.2,680.4,400.7,1695.7,303.8,704.5,5428,1326.3,89.7,175,1590.9,250.7,355.3,208.2,182.1,814.2,225.6,142.7,368.3,348.3,75.4,98.3,242,210,625.7,300.1,296.9,200.7,497.6,4244.9,2177.9,250.1,422.8,259.7,932.6
2007-08-01,286.2,155,441.2,427.2,91.8,91.6,242.6,290.4,716.5,437.9,1762.9,303.8,741.7,5538,1381.5,90.3,174.1,1645.8,260.2,366,230.1,189.9,856.3,216.8,147,363.8,305.9,78.4,97.8,264,225.6,665.8,308.5,314.7,211.7,526.4,4364.1,2261.2,251.3,426.7,272.2,950.1
2007-09-01,298,165.2,463.2,444.7,84.6,95.3,220.5,306.7,707.1,426.2,1740.8,292.8,719,5537.3,1334,97.1,171.3,1602.4,242.7,355.9,243,204.4,841.6,221.8,149.9,371.7,310,75.6,99.4,237.5,232.5,645.1,296.2,291.3,203.4,494.6,4265.4,2241.5,247.6,420.5,293.6,961.8
2007-10-01,342.2,178.7,520.9,476.5,93.9,102.1,241.8,309.8,747.6,402.1,1853.8,304.4,706.5,5784.4,1381.8,103.5,186.9,1672.2,247.7,362.2,250.5,204.5,860.4,247.1,163.5,410.6,336.3,94.8,100.8,269.3,253,717.9,276.8,337.9,203,540.9,4538.3,2335.1,282.6,420.4,294.9,997.9
2007-11-01,346.3,179.7,526,553.1,95.5,110.1,255.9,324.3,785.8,413.7,1897.1,299.2,712.9,6027.4,1420,109.1,181.3,1710.4,264,392.7,257.2,217.3,913.9,259.7,183,442.7,397.3,101.8,110.9,283.5,283.1,779.4,272,351,196.9,547.9,4791.6,2386.4,291.3,477.5,294.3,1063.1
2007-12-01,490.6,251.8,742.4,902.3,124.1,177.7,315.9,472,1089.6,441.5,2054.7,319.6,761.1,7552,1566.6,154.3,220.8,1941.8,276.7,589.4,285.5,309.9,1151.7,360.7,231.2,591.9,660.4,145.1,184.1,324.9,382.4,1036.4,322.6,389.4,206.9,596.3,5978.5,2687.2,325.4,704.6,339.3,1369.4
2008-01-01,335.3,174.9,510.3,459,97.2,104,229.5,285.9,716.6,364.5,1849.9,293.7,658.2,5666.2,1460,104.4,170.2,1734.7,262.4,397.8,221.9,214.9,882.2,222.4,155.2,377.6,325,96.1,115.2,232.5,225.3,669.2,239.7,334.1,205.4,539.6,4528.2,2304.5,282.3,472.2,263,1017.5
2008-02-01,271.6,157.1,428.7,368.7,102.1,87.9,226.7,286.8,703.4,357.2,1747.1,284,641.2,5216.4,1369.3,88.6,171.9,1629.8,227.4,337.3,211.1,184.3,775.7,202.6,146.2,348.8,273.1,84.4,94.3,229.5,225.4,633.6,229.9,322.3,200.8,523.1,4184.1,2161.4,262.8,403.9,246.2,912.9
2008-03-01,288.4,154.6,443,436.7,103.2,93.3,241.1,275.3,712.9,366.4,1881.1,300.2,666.6,5513.5,1467.1,98,176.3,1741.4,220.3,349.1,214.8,210.3,784.2,227.5,151.7,379.2,326.4,81,100.7,238.3,231.5,651.5,241.3,339.8,210.9,550.6,4433.3,2332.6,255.8,410.8,255.2,921.7
2008-04-01,350.2,151.8,502.1,465.3,96.5,92.3,247.5,257.2,693.4,363.9,1737.5,297.5,661.4,5416.9,1381.3,91.2,169.9,1642.4,216.3,366.4,223.7,200.4,806.4,261.4,156.2,417.5,328,77.7,88.3,246.4,231.8,644.1,223.8,338,203.1,541.1,4379.4,2161.8,254.9,437.9,240.2,932.9
2008-05-01,357.6,166,523.6,458.5,100.7,91.6,266.1,285.8,744.2,353.7,1827.4,303.1,656.9,5588.5,1425.8,92.1,170.8,1688.7,230.1,388.1,218.5,196.9,836.8,277.8,161,438.7,342.6,80.5,90,254.5,237.6,662.5,234.7,334.3,214.3,548.6,4517.8,2259.1,261.2,445.4,239.6,946.2
2008-06-01,319.8,150.4,470.2,459.3,90.4,89.1,249.1,259.7,688.3,343.5,1729.5,291.7,635.2,5376.1,1332.8,91,161.8,1585.6,249.2,408.2,213,195.4,870.3,243.6,146.5,390.1,330.4,73.9,93.6,235.2,217.8,620.5,221.4,314,202.2,516.2,4313.1,2146.3,256.4,493.4,226.9,976.7
2008-07-01,329.7,152.4,482,499.8,103.5,83.4,266.6,261.2,714.7,333.2,1789.9,306.2,639.4,5498.5,1419.8,92.2,174,1686,227,390.6,215.5,179.5,833.1,258.9,144.8,403.7,364.5,82.3,87.8,258,226.4,654.6,238,333.1,208.7,541.8,4483.8,2207.4,261.1,455.4,238.7,955.3
2008-08-01,310.5,150.1,460.6,399.2,102.9,85.1,266,273.4,727.4,349.2,1822.2,302.7,651.9,5446.9,1455.3,99.9,179.7,1734.9,226,381,231.2,176.8,838.3,249.2,141.1,390.3,295.7,83.2,88.5,263.5,225.5,660.7,250,342.6,215.2,557.8,4477.7,2249.1,253.9,451.8,253.1,958.8
2008-09-01,325.5,157.7,483.1,451.3,98.2,84.3,256.6,275.2,714.3,330.3,1729.8,285.1,615.4,5371.9,1392,102.8,183.2,1678,212.9,359.4,227.5,179.2,799.7,266.1,136.4,402.5,311.2,83,86.1,256.6,219,644.7,243.7,328.3,209,537.3,4373.5,2152.6,250,433.9,271.3,955.2
2008-10-01,341.9,173.7,515.5,464.4,96.6,99.6,259.6,300.5,756.3,357.3,1875.8,314.4,671.7,5763.7,1520,121.3,193.9,1835.2,224.3,378.6,253.8,214.1,856.6,276.6,158.1,434.7,334,88.3,100.8,283,251,723,250.6,369.8,221.5,591.2,4774.8,2340.5,272.4,459.7,283.1,1015.2
2008-11-01,351.7,179.4,531.1,539.3,96.1,108,262.7,323.5,790.2,350.7,1899.4,297.6,648.4,5945.4,1548,135.9,191.5,1875.4,219.4,393.9,248.5,222.8,861.8,289,155.8,444.9,391.4,91,110.4,281.8,256.7,739.8,254.7,362.4,221.7,584,4897.4,2376.9,275.9,484.7,299,1059.6
2008-12-01,535.3,251.8,787.1,934.3,126.6,186.4,311.3,457.3,1081.5,377.4,2121.2,349.8,727.2,7733.9,1710.8,204.4,247.8,2163,230,652.5,304.3,310.8,1186.8,408.4,215.1,623.5,678.5,139.9,182.6,356.1,376.4,1055,320.6,453.6,219.5,673.1,6379.8,2752.6,308.3,782.7,360.2,1451.2
2009-01-01,360.8,184.6,545.4,469,96.3,101.7,236.1,290.8,725,365.8,1988.7,336.7,702.5,5990.9,1651.5,134.9,165.5,1951.9,209.8,367.3,241.5,242.9,818.6,270.1,136.4,406.5,330.1,92.6,101.8,247.6,221.2,663.1,236.1,422.3,225.4,647.8,4818.1,2467.7,299.2,492.8,289.3,1081.2
2009-02-01,280.3,158.9,439.1,341.9,99.5,83.2,228.7,285.2,696.6,339,1758.5,284.4,623.3,5189.9,1494.2,123,168,1785.2,174,302.3,205.4,194,681.7,224.1,116.9,340.9,245.6,79.8,83.1,248.8,202.9,614.7,222.5,358.8,217.2,576,4244.2,2174.9,258.9,405.5,249.6,914
2009-03-01,333.3,177.2,510.5,433,106.6,95.5,252.6,300.6,755.4,356.9,1928.8,318.2,675.1,5751,1624.8,128.1,189.8,1942.7,212.8,334.8,228.6,215,776.3,289.7,143.9,433.6,339.7,84.6,89.9,272.5,230.4,677.4,243.3,395.5,239,634.5,4804.1,2387.1,274.1,443.7,272.1,989.9
2009-04-01,375.8,174.4,550.1,497.7,85.2,101.5,245.2,294.4,726.3,387.6,1878.4,322.3,709.9,5795.8,1598.7,116.6,200,1915.3,206.8,324,219.7,213.6,750.5,306.4,139.1,445.6,365.2,73.8,85.6,281.3,231.1,671.7,241.6,376.7,245.5,622.2,4770.4,2333.6,278.1,427,272.9,978
2009-05-01,409.1,188.9,598,492.7,89.7,99.3,257.5,304.9,751.5,397.3,1896.7,327.9,725.3,5943.7,1618.7,122.6,187.9,1929.1,211.8,348,215.9,211.3,775.7,310.6,149.2,459.8,352.4,74.3,82.5,291.2,255.9,703.9,238.4,385.7,245.9,631.6,4852.4,2346.5,289.8,460.7,279.4,1029.9
2009-06-01,379.5,166.1,545.7,489.7,88.1,92.7,253.7,292.5,727,373.4,1806.5,310.7,684.1,5799.4,1528.1,115.1,180.2,1823.5,229.9,392.5,212,206,834.4,296.1,138.1,434.2,346.3,70.8,89.1,276.8,247.7,684.4,230.6,358.1,236.1,594.2,4717.1,2243,314.3,527.9,267.8,1109.9
2009-07-01,357,159.1,516.1,492.9,90.2,99.1,286,305.3,780.5,402,1876,346.7,748.7,5884.7,1578.1,122.1,177.6,1877.8,240.3,367.9,204.5,201.4,812.7,289,138.8,427.7,368,76.7,81.5,284.6,255.7,698.5,237.1,361.7,251.7,613.4,4798.1,2314.5,273,485.8,273.1,1032
2009-08-01,343.8,165.8,509.7,424.4,93.9,95,273.7,289.1,751.8,419.8,1905.5,348.7,768.5,5861.6,1590.9,121.6,180.9,1893.5,231.4,363.7,216.1,208.7,811.1,280.2,139.2,419.4,308.6,70.4,77.5,265.8,257.1,670.8,245.2,364.4,278,642.4,4745.9,2359.5,275.7,464.2,307.7,1047.7
2009-09-01,364.3,171.9,536.2,459.9,85.8,100.8,269.4,296.2,752.3,414.3,1871.8,354.9,769.2,5852.2,1546.8,129.1,185.4,1861.3,220,350.9,234,206.1,805,280.7,143.8,424.5,317.2,69.2,79.2,275.5,276.6,700.5,241,350.7,264.9,615.6,4724,2319,269.2,428.3,318.2,1015.7
2009-10-01,377.7,206.4,584.1,494,87,106.8,294.3,298.5,786.6,493.4,2012.9,380.5,873.9,6312.5,1645.9,143,191.2,1980.1,243.4,341.6,265.5,218.7,850.6,280.1,156.6,436.7,352.1,72.6,85.9,289.9,296.4,744.8,266.2,336.9,300.5,637.3,5001.6,2497.8,279.6,463,333.5,1076.1
2009-11-01,409.4,209.7,619.1,558.8,85.8,111.1,289.9,320.7,807.5,499.5,2110.9,367.4,866.9,6597.9,1681.7,145.6,194.1,2021.4,244.6,391.7,262.4,236.5,898.7,300.4,167.1,467.6,408.1,72.6,101.7,296.7,322.7,793.8,275.7,355,300.8,655.8,5245.3,2623,284.8,513.8,324,1122.6
2009-12-01,583.6,360.9,944.5,899.8,123.7,200.9,352.1,408.4,1085.1,557.1,2264,424,981,8249.2,1810.6,198.8,273.7,2283.1,293,563.6,282.2,326.7,1138.8,406.9,251.7,658.6,665.9,106.9,171.5,372.9,401.7,1053.1,342.2,402.2,342.7,744.9,6544.3,2932.9,327.4,731.1,347.2,1405.7
